layer,head,experiment,category,mean_attention,enrichment,raw_entropy,normalized_entropy,n_queries
0,0,1,offset_0,0.024074677916114434,1.3830698106364132,3.668381335154125,0.8918454679483617,46679
0,0,1,offset_1,0.038407696133076666,2.206489540705295,3.668381335154125,0.8918454679483617,46679
0,0,1,offset_2,0.03477658382633996,1.997885220930934,3.668381335154125,0.8918454679483617,46679
0,0,1,offset_4,0.030934812702868752,1.7771787309516347,3.668381335154125,0.8918454679483617,46679
0,0,1,offset_8,0.026912756084484755,1.546114992323845,3.668381335154125,0.8918454679483617,46679
0,0,1,offset_16,0.020713742816339326,1.1899869420637121,3.668381335154125,0.8918454679483617,46679
0,0,1,offset_32,0.01429107408732928,0.8210100754254888,3.668381335154125,0.8918454679483617,46679
0,1,1,offset_0,0.8302462896912618,47.696944593234576,0.4615153883962071,0.11148302897909443,46679
0,1,1,offset_1,0.0011140002209930051,0.06399836708371581,0.4615153883962071,0.11148302897909443,46679
0,1,1,offset_2,0.003081650622637313,0.17703821243006962,0.4615153883962071,0.11148302897909443,46679
0,1,1,offset_4,0.004783437990584429,0.27480445216674376,0.4615153883962071,0.11148302897909443,46679
0,1,1,offset_8,0.005211449834352022,0.29939336927593385,0.4615153883962071,0.11148302897909443,46679
0,1,1,offset_16,0.004494262379697558,0.25819155878625677,0.4615153883962071,0.11148302897909443,46679
0,1,1,offset_32,0.002289855677505356,0.13155026494257646,0.4615153883962071,0.11148302897909443,46679
0,2,1,offset_0,0.05566553510262084,3.1979377402936495,3.7233710029406692,0.9049450562906795,46679
0,2,1,offset_1,0.030189082813136738,1.7343371817948252,3.7233710029406692,0.9049450562906795,46679
0,2,1,offset_2,0.027331958588435623,1.570197820338319,3.7233710029406692,0.9049450562906795,46679
0,2,1,offset_4,0.026063065319982162,1.497300979158024,3.7233710029406692,0.9049450562906795,46679
0,2,1,offset_8,0.02378612519302435,1.3664927016311172,3.7233710029406692,0.9049450562906795,46679
0,2,1,offset_16,0.019554694744478993,1.1234006141862634,3.7233710029406692,0.9049450562906795,46679
0,2,1,offset_32,0.015007945455471412,0.8621937270133405,3.7233710029406692,0.9049450562906795,46679
0,3,1,offset_0,0.8490747383810477,48.778622988048284,0.4206659831190027,0.10290137462872763,46679
0,3,1,offset_1,0.0778716064115564,4.473657687503024,0.4206659831190027,0.10290137462872763,46679
0,3,1,offset_2,0.02864566533811219,1.6456691579752296,0.4206659831190027,0.10290137462872763,46679
0,3,1,offset_4,0.010946290331509647,0.6288550878530593,0.4206659831190027,0.10290137462872763,46679
0,3,1,offset_8,0.0013933453717335387,0.08004650887332221,0.4206659831190027,0.10290137462872763,46679
0,3,1,offset_16,2.4974973375809992e-05,0.0014347910205855816,0.4206659831190027,0.10290137462872763,46679
0,3,1,offset_32,5.7733849486332915e-06,0.0003316760645961786,0.4206659831190027,0.10290137462872763,46679
0,4,1,offset_0,0.5822052404789544,33.447196864128024,1.281439032730627,0.3140114913911715,46679
0,4,1,offset_1,0.13979081222635353,8.03086350182074,1.281439032730627,0.3140114913911715,46679
0,4,1,offset_2,0.06870496941952765,3.9470421733551966,1.281439032730627,0.3140114913911715,46679
0,4,1,offset_4,0.03753475547782255,2.1563398410513277,1.281439032730627,0.3140114913911715,46679
0,4,1,offset_8,0.01156850441182406,0.6646007586044733,1.281439032730627,0.3140114913911715,46679
0,4,1,offset_16,0.0011005303043107853,0.06322453180417938,1.281439032730627,0.3140114913911715,46679
0,4,1,offset_32,0.000352952643574096,0.02027682977162061,1.281439032730627,0.3140114913911715,46679
0,5,1,offset_0,0.6304948592677654,36.22139447319513,1.1034785493139487,0.2670620417389778,46679
0,5,1,offset_1,0.0017491057798488382,0.10048464233448105,1.1034785493139487,0.2670620417389778,46679
0,5,1,offset_2,0.003873143193343784,0.22250878876348734,1.1034785493139487,0.2670620417389778,46679
0,5,1,offset_4,0.0045856249916374145,0.2634402632896024,1.1034785493139487,0.2670620417389778,46679
0,5,1,offset_8,0.005168139441847075,0.2969052239902887,1.1034785493139487,0.2670620417389778,46679
0,5,1,offset_16,0.005455531204600902,0.31341563680974094,1.1034785493139487,0.2670620417389778,46679
0,5,1,offset_32,0.006338424808539935,0.36413712491715655,1.1034785493139487,0.2670620417389778,46679
0,6,1,offset_0,0.03480807073448239,1.9996941170762452,3.471669023737569,0.8437349969928831,46679
0,6,1,offset_1,0.04672897004365087,2.684539663404884,3.471669023737569,0.8437349969928831,46679
0,6,1,offset_2,0.0372860483688159,2.142051828752417,3.471669023737569,0.8437349969928831,46679
0,6,1,offset_4,0.031917553662544465,1.8336363648913,3.471669023737569,0.8437349969928831,46679
0,6,1,offset_8,0.02732413412986885,1.569748311835402,3.471669023737569,0.8437349969928831,46679
0,6,1,offset_16,0.020280626349778997,1.1651047687081075,3.471669023737569,0.8437349969928831,46679
0,6,1,offset_32,0.013518616548723507,0.7766330455284846,3.471669023737569,0.8437349969928831,46679
0,7,1,offset_0,0.17752842677327524,10.198857424196122,1.8962667673729972,0.46439802974874833,46679
0,7,1,offset_1,0.29675684732315905,17.04842897846516,1.8962667673729972,0.46439802974874833,46679
0,7,1,offset_2,0.1575038423793595,9.048462048512697,1.8962667673729972,0.46439802974874833,46679
0,7,1,offset_4,0.07446875822779647,4.2781669478330615,1.8962667673729972,0.46439802974874833,46679
0,7,1,offset_8,0.017641665874684652,1.0134987294795341,1.8962667673729972,0.46439802974874833,46679
0,7,1,offset_16,0.0010975797978528996,0.06305502771269336,1.8962667673729972,0.46439802974874833,46679
0,7,1,offset_32,0.00037782424195436623,0.02170568198646167,1.8962667673729972,0.46439802974874833,46679
0,8,1,offset_0,0.07165509300425696,4.11652426910338,3.552705124933883,0.8638761009185711,46679
0,8,1,offset_1,0.039907793440593246,2.2926688576736196,3.552705124933883,0.8638761009185711,46679
0,8,1,offset_2,0.03738708387519834,2.147856232830711,3.552705124933883,0.8638761009185711,46679
0,8,1,offset_4,0.03391151549406383,1.948187779549678,3.552705124933883,0.8638761009185711,46679
0,8,1,offset_8,0.028655449988042106,1.6462312778080623,3.552705124933883,0.8638761009185711,46679
0,8,1,offset_16,0.020766011186194734,1.1929897155442166,3.552705124933883,0.8638761009185711,46679
0,8,1,offset_32,0.012127852331468337,0.6967348217889473,3.552705124933883,0.8638761009185711,46679
0,9,1,offset_0,0.026863622968214047,1.5432923365004405,3.9468691597974925,0.9599597899128768,46679
0,9,1,offset_1,0.0355525162597234,2.0424618805832715,3.9468691597974925,0.9599597899128768,46679
0,9,1,offset_2,0.0338933045081821,1.9471415738690578,3.9468691597974925,0.9599597899128768,46679
0,9,1,offset_4,0.031632706284973396,1.8172721248408112,3.9468691597974925,0.9599597899128768,46679
0,9,1,offset_8,0.027660004849564393,1.5890437995800872,3.9468691597974925,0.9599597899128768,46679
0,9,1,offset_16,0.021190544968445014,1.2173788209715684,3.9468691597974925,0.9599597899128768,46679
0,9,1,offset_32,0.014194766425463972,0.8154772820015016,3.9468691597974925,0.9599597899128768,46679
0,10,1,offset_0,0.16638474437528078,9.558662329678569,3.652484819253119,0.8889337611437098,46679
0,10,1,offset_1,0.030894321628187765,1.774852553081815,3.652484819253119,0.8889337611437098,46679
0,10,1,offset_2,0.028979658259445533,1.664856767797964,3.652484819253119,0.8889337611437098,46679
0,10,1,offset_4,0.027639439076667816,1.5878623133843106,3.652484819253119,0.8889337611437098,46679
0,10,1,offset_8,0.02471768612206132,1.4200100862544454,3.652484819253119,0.8889337611437098,46679
0,10,1,offset_16,0.01930926611722367,1.109300947881047,3.652484819253119,0.8889337611437098,46679
0,10,1,offset_32,0.011907243615633605,0.6840610383266126,3.652484819253119,0.8889337611437098,46679
0,11,1,offset_0,0.017087963078922422,0.9816889738702544,3.9887372244114094,0.9688117718259007,46679
0,11,1,offset_1,0.015673610273690308,0.9004356057744717,3.9887372244114094,0.9688117718259007,46679
0,11,1,offset_2,0.01576990238888407,0.9059675060553752,3.9887372244114094,0.9688117718259007,46679
0,11,1,offset_4,0.015424034918800131,0.8860977134865575,3.9887372244114094,0.9688117718259007,46679
0,11,1,offset_8,0.014769507524035008,0.8484956702489113,3.9887372244114094,0.9688117718259007,46679
0,11,1,offset_16,0.014129523840451474,0.8117291508733062,3.9887372244114094,0.9688117718259007,46679
0,11,1,offset_32,0.017236052843655262,0.9901966051490574,3.9887372244114094,0.9688117718259007,46679
1,0,1,offset_0,0.12003892177618386,6.8961341617309255,2.1013386053357768,0.5135176131176253,46679
1,0,1,offset_1,0.31087594837628935,17.859559349054187,2.1013386053357768,0.5135176131176253,46679
1,0,1,offset_2,0.13924312755942958,7.999399482604766,2.1013386053357768,0.5135176131176253,46679
1,0,1,offset_4,0.06680080769987055,3.8376496988970255,2.1013386053357768,0.5135176131176253,46679
1,0,1,offset_8,0.022897903004384396,1.3154650908557706,2.1013386053357768,0.5135176131176253,46679
1,0,1,offset_16,0.003335874014515967,0.19164313049751372,2.1013386053357768,0.5135176131176253,46679
1,0,1,offset_32,0.000849083314006759,0.048779115650466026,2.1013386053357768,0.5135176131176253,46679
1,1,1,offset_0,0.11002548072636872,6.320870473267759,2.5443244031024226,0.6221048332957768,46679
1,1,1,offset_1,0.1667323004874037,9.578629133299133,2.5443244031024226,0.6221048332957768,46679
1,1,1,offset_2,0.12875240125515952,7.39671616141386,2.5443244031024226,0.6221048332957768,46679
1,1,1,offset_4,0.0836362399541599,4.804830991251369,2.5443244031024226,0.6221048332957768,46679
1,1,1,offset_8,0.03782936083543743,2.173264668772331,2.5443244031024226,0.6221048332957768,46679
1,1,1,offset_16,0.0074728475209823765,0.42930874679913444,2.5443244031024226,0.6221048332957768,46679
1,1,1,offset_32,0.0010137399234187825,0.058238498093422346,2.5443244031024226,0.6221048332957768,46679
1,2,1,offset_0,0.0805864639272356,4.629623947288454,3.4992697214558772,0.8510121193317803,46679
1,2,1,offset_1,0.07186852199589465,4.12878558350506,3.4992697214558772,0.8510121193317803,46679
1,2,1,offset_2,0.06641643027124147,3.815567541898734,3.4992697214558772,0.8510121193317803,46679
1,2,1,offset_4,0.05606786826884718,3.2210514391752842,3.4992697214558772,0.8510121193317803,46679
1,2,1,offset_8,0.039892546740245255,2.2917929476806966,3.4992697214558772,0.8510121193317803,46679
1,2,1,offset_16,0.02017818310633672,1.1592194913306746,3.4992697214558772,0.8510121193317803,46679
1,2,1,offset_32,0.006082627737043059,0.349441800291454,3.4992697214558772,0.8510121193317803,46679
1,3,1,offset_0,0.029777904546626155,1.7107153394099706,1.9691387354202654,0.4750568135768359,46679
1,3,1,offset_1,0.0270648024151333,1.5548499249559982,1.9691387354202654,0.4750568135768359,46679
1,3,1,offset_2,0.024852777638423796,1.4277709791978552,1.9691387354202654,0.4750568135768359,46679
1,3,1,offset_4,0.02076428157872902,1.192890351063478,1.9691387354202654,0.4750568135768359,46679
1,3,1,offset_8,0.01442645354585167,0.8287875104015676,1.9691387354202654,0.4750568135768359,46679
1,3,1,offset_16,0.006951718589185891,0.39937033202456,1.9691387354202654,0.4750568135768359,46679
1,3,1,offset_32,0.01580786956998377,0.9081486883813416,1.9691387354202654,0.4750568135768359,46679
1,4,1,offset_0,0.07861077863159685,4.516122504102491,3.423710151105744,0.8373611833868054,46679
1,4,1,offset_1,0.0671648658821543,3.858564532440646,3.423710151105744,0.8373611833868054,46679
1,4,1,offset_2,0.060768287080897355,3.4910865100055615,3.423710151105744,0.8373611833868054,46679
1,4,1,offset_4,0.04900142466112913,2.8150902522196883,3.423710151105744,0.8373611833868054,46679
1,4,1,offset_8,0.03234981504282132,1.858469414265754,3.423710151105744,0.8373611833868054,46679
1,4,1,offset_16,0.0146816973777667,0.8434510518829071,3.423710151105744,0.8373611833868054,46679
1,4,1,offset_32,0.007659366707467846,0.4400241157370443,3.423710151105744,0.8373611833868054,46679
1,5,1,offset_0,0.11647551039565847,6.691419202699883,3.3925386455489677,0.8237346464031167,46679
1,5,1,offset_1,0.025329050156208715,1.45513243106356,3.3925386455489677,0.8237346464031167,46679
1,5,1,offset_2,0.023647141579846903,1.35850821102947,3.3925386455489677,0.8237346464031167,46679
1,5,1,offset_4,0.020560465979591682,1.1811813179006734,3.3925386455489677,0.8237346464031167,46679
1,5,1,offset_8,0.019145768287768528,1.0999081363629901,3.3925386455489677,0.8237346464031167,46679
1,5,1,offset_16,0.017201159746758943,0.9881920263511575,3.3925386455489677,0.8237346464031167,46679
1,5,1,offset_32,0.014643059816481164,0.8412313567843127,3.3925386455489677,0.8237346464031167,46679
1,6,1,offset_0,0.042403505369480086,2.4360453895182315,3.5645081215608334,0.8658833559819883,46679
1,6,1,offset_1,0.04013736322802185,2.3058574470924706,3.5645081215608334,0.8658833559819883,46679
1,6,1,offset_2,0.024054431709796015,1.3819066832692894,3.5645081215608334,0.8658833559819883,46679
1,6,1,offset_4,0.020769300352374183,1.193178675349237,3.5645081215608334,0.8658833559819883,46679
1,6,1,offset_8,0.018945218334205642,1.0883867117664143,3.5645081215608334,0.8658833559819883,46679
1,6,1,offset_16,0.017434581530571903,1.0016019096925464,3.5645081215608334,0.8658833559819883,46679
1,6,1,offset_32,0.01674449641078974,0.9619571053356304,3.5645081215608334,0.8658833559819883,46679
1,7,1,offset_0,0.02796430326425497,1.6065254852021968,3.896615524218851,0.9466897629061893,46679
1,7,1,offset_1,0.02868563410068394,1.6479653294577348,3.896615524218851,0.9466897629061893,46679
1,7,1,offset_2,0.027318573854937862,1.5694288787604225,3.896615524218851,0.9466897629061893,46679
1,7,1,offset_4,0.025786406676625524,1.4814071749371969,3.896615524218851,0.9466897629061893,46679
1,7,1,offset_8,0.023705494810947074,1.3618605546233884,3.896615524218851,0.9466897629061893,46679
1,7,1,offset_16,0.019734915712765488,1.1337541558348463,3.896615524218851,0.9466897629061893,46679
1,7,1,offset_32,0.015601708710024479,0.896304921975076,3.896615524218851,0.9466897629061893,46679
1,8,1,offset_0,0.01484845765196383,0.8530312880820848,3.9472666974060435,0.9590194382314853,46679
1,8,1,offset_1,0.016197572557898908,0.9305367942400481,3.9472666974060435,0.9590194382314853,46679
1,8,1,offset_2,0.01614346777770548,0.9274285205444502,3.9472666974060435,0.9590194382314853,46679
1,8,1,offset_4,0.01619018773639903,0.930112542513441,3.9472666974060435,0.9590194382314853,46679
1,8,1,offset_8,0.01628548328060703,0.9355871906371458,3.9472666974060435,0.9590194382314853,46679
1,8,1,offset_16,0.016327747790844175,0.9380152508742965,3.9472666974060435,0.9590194382314853,46679
1,8,1,offset_32,0.017488347437731942,1.0046907154200264,3.9472666974060435,0.9590194382314853,46679
1,9,1,offset_0,0.010269801425758597,0.5899913744511669,3.8215700712058718,0.9275063232015726,46679
1,9,1,offset_1,0.011863580975244273,0.681552656699013,3.8215700712058718,0.9275063232015726,46679
1,9,1,offset_2,0.011875497124907588,0.6822372293822191,3.8215700712058718,0.9275063232015726,46679
1,9,1,offset_4,0.012077126895342504,0.693820688541497,3.8215700712058718,0.9275063232015726,46679
1,9,1,offset_8,0.012884121867015092,0.7401818646512991,3.8215700712058718,0.9275063232015726,46679
1,9,1,offset_16,0.014423885939200519,0.8286400035789563,3.8215700712058718,0.9275063232015726,46679
1,9,1,offset_32,0.019412687660659247,1.115242427762671,3.8215700712058718,0.9275063232015726,46679
1,10,1,offset_0,0.04820438873108347,2.769301214597681,3.8826227948481695,0.9425254018853773,46679
1,10,1,offset_1,0.04478435502453523,2.5728231812313576,3.8826227948481695,0.9425254018853773,46679
1,10,1,offset_2,0.04243548741266596,2.4378827307514963,3.8826227948481695,0.9425254018853773,46679
1,10,1,offset_4,0.03789084483035096,2.176796872089797,3.8826227948481695,0.9425254018853773,46679
1,10,1,offset_8,0.03008462272880281,1.7283360386201503,3.8826227948481695,0.9425254018853773,46679
1,10,1,offset_16,0.018798637430532804,1.079965763274721,3.8826227948481695,0.9425254018853773,46679
1,10,1,offset_32,0.008274563004387104,0.47536662078940956,3.8826227948481695,0.9425254018853773,46679
1,11,1,offset_0,0.6561646385360538,37.69610150252183,1.4256461113825405,0.3465762263033403,46679
1,11,1,offset_1,0.008921360940402322,0.5125246131829779,1.4256461113825405,0.3465762263033403,46679
1,11,1,offset_2,0.01050379977636803,0.6034343810655979,1.4256461113825405,0.3465762263033403,46679
1,11,1,offset_4,0.012066629930292588,0.6932176468096646,1.4256461113825405,0.3465762263033403,46679
1,11,1,offset_8,0.01098278327859302,0.6309515766861822,1.4256461113825405,0.3465762263033403,46679
1,11,1,offset_16,0.008062049637387735,0.4631579082459787,1.4256461113825405,0.3465762263033403,46679
1,11,1,offset_32,0.004487272201799623,0.2577899789995905,1.4256461113825405,0.3465762263033403,46679
2,0,1,offset_0,0.10692749057020398,6.142893568506254,2.2906800848436775,0.5609681802650291,46679
2,0,1,offset_1,0.16550439318979043,9.508086901352915,2.2906800848436775,0.5609681802650291,46679
2,0,1,offset_2,0.12525162631551925,7.195599612743105,2.2906800848436775,0.5609681802650291,46679
2,0,1,offset_4,0.0732796413896696,4.20985319485729,2.2906800848436775,0.5609681802650291,46679
2,0,1,offset_8,0.02860074747365995,1.6430886647907053,2.2906800848436775,0.5609681802650291,46679
2,0,1,offset_16,0.00458489807409772,0.2633985024939865,2.2906800848436775,0.5609681802650291,46679
2,0,1,offset_32,0.0033219443457623687,0.19084288285173434,2.2906800848436775,0.5609681802650291,46679
2,1,1,offset_0,0.018800976029342133,1.0801001137912116,3.316836243081428,0.8045897609683444,46679
2,1,1,offset_1,0.01646391419740993,0.9458378953474705,3.316836243081428,0.8045897609683444,46679
2,1,1,offset_2,0.01619645180588167,0.9304724079880013,3.316836243081428,0.8045897609683444,46679
2,1,1,offset_4,0.015143168095485056,0.8699621528992063,3.316836243081428,0.8045897609683444,46679
2,1,1,offset_8,0.014650726328483047,0.8416717913911487,3.316836243081428,0.8045897609683444,46679
2,1,1,offset_16,0.01418123685027882,0.8147000193916124,3.316836243081428,0.8045897609683444,46679
2,1,1,offset_32,0.01893523414151156,1.087813128371161,3.316836243081428,0.8045897609683444,46679
2,2,1,offset_0,0.12159903467691274,6.985761323585424,1.1267891024618064,0.27559677868443716,46679
2,2,1,offset_1,0.5541133177041322,31.833339746372786,1.1267891024618064,0.27559677868443716,46679
2,2,1,offset_2,0.17234180818658457,9.900890589020479,1.1267891024618064,0.27559677868443716,46679
2,2,1,offset_4,0.0241631886748295,1.388154678592773,1.1267891024618064,0.27559677868443716,46679
2,2,1,offset_8,0.0006598879437180047,0.03791000222471989,1.1267891024618064,0.27559677868443716,46679
2,2,1,offset_16,9.058431507349452e-07,5.2039920090257104e-05,1.1267891024618064,0.27559677868443716,46679
2,2,1,offset_32,0.0008865870016610765,0.050933670671428725,1.1267891024618064,0.27559677868443716,46679
2,3,1,offset_0,0.1322094072033851,7.595318218680882,1.8555391587518262,0.4543162427523092,46679
2,3,1,offset_1,0.2539998121971741,14.592073604527316,1.8555391587518262,0.4543162427523092,46679
2,3,1,offset_2,0.18417662085017514,10.580790530634795,1.8555391587518262,0.4543162427523092,46679
2,3,1,offset_4,0.08109853824121947,4.659042181955652,1.8555391587518262,0.4543162427523092,46679
2,3,1,offset_8,0.014639559753550914,0.841030281139977,1.8555391587518262,0.4543162427523092,46679
2,3,1,offset_16,0.0005585937007588969,0.03209073394972303,1.8555391587518262,0.4543162427523092,46679
2,3,1,offset_32,0.0013784737835473514,0.0791921487556832,1.8555391587518262,0.4543162427523092,46679
2,4,1,offset_0,0.08875265426080933,5.098764650131121,1.5054705314152736,0.36882057507988225,46679
2,4,1,offset_1,0.28460231198375996,16.3501612405203,1.5054705314152736,0.36882057507988225,46679
2,4,1,offset_2,0.12771848138410916,7.337318342458629,1.5054705314152736,0.36882057507988225,46679
2,4,1,offset_4,0.0471259865991518,2.7073479275133168,1.5054705314152736,0.36882057507988225,46679
2,4,1,offset_8,0.007862940852663291,0.4517192775758439,1.5054705314152736,0.36882057507988225,46679
2,4,1,offset_16,0.00027617502116804695,0.015866020536612294,1.5054705314152736,0.36882057507988225,46679
2,4,1,offset_32,0.005822681790175387,0.3345081262974469,1.5054705314152736,0.36882057507988225,46679
2,5,1,offset_0,0.1380472398739162,7.930696750194033,1.7738901934112394,0.434343544820919,46679
2,5,1,offset_1,0.2804920600276134,16.11403075460213,1.7738901934112394,0.434343544820919,46679
2,5,1,offset_2,0.19272089520547797,11.071651839591468,1.7738901934112394,0.434343544820919,46679
2,5,1,offset_4,0.0764510568177789,4.392048319165415,1.7738901934112394,0.434343544820919,46679
2,5,1,offset_8,0.010163279623573992,0.5838717873360472,1.7738901934112394,0.434343544820919,46679
2,5,1,offset_16,0.0002057834438366038,0.011822084170384451,1.7738901934112394,0.434343544820919,46679
2,5,1,offset_32,0.001284572477344127,0.07379759842186231,1.7738901934112394,0.434343544820919,46679
2,6,1,offset_0,0.08280024528496734,4.756803807135261,2.6914867536735456,0.6568264983209526,46679
2,6,1,offset_1,0.0717956381723102,4.124598469707125,2.6914867536735456,0.6568264983209526,46679
2,6,1,offset_2,0.06718360616041033,3.8596411455188835,2.6914867536735456,0.6568264983209526,46679
2,6,1,offset_4,0.05516896407974728,3.1694101565408648,2.6914867536735456,0.6568264983209526,46679
2,6,1,offset_8,0.038413209026910256,2.2068062517764484,2.6914867536735456,0.6568264983209526,46679
2,6,1,offset_16,0.01737166564904566,0.9979874457046282,2.6914867536735456,0.6568264983209526,46679
2,6,1,offset_32,0.006978335043835881,0.4008994247509858,2.6914867536735456,0.6568264983209526,46679
2,7,1,offset_0,0.04371049179482044,2.5111306502265336,3.585812410042314,0.8757169666725121,46679
2,7,1,offset_1,0.03950624324941553,2.2696001400439045,3.585812410042314,0.8757169666725121,46679
2,7,1,offset_2,0.03615972604269782,2.07734556718881,3.585812410042314,0.8757169666725121,46679
2,7,1,offset_4,0.031508784975096224,1.8101529507782201,3.585812410042314,0.8757169666725121,46679
2,7,1,offset_8,0.024403744978867447,1.4019744340649931,3.585812410042314,0.8757169666725121,46679
2,7,1,offset_16,0.015472410385266552,0.8888768429718321,3.585812410042314,0.8757169666725121,46679
2,7,1,offset_32,0.009699812210689293,0.5572459778773242,3.585812410042314,0.8757169666725121,46679
2,8,1,offset_0,0.11248449084394906,6.462138517206923,1.792845220674869,0.43905621828564106,46679
2,8,1,offset_1,0.25563172500921905,14.685825610340004,1.792845220674869,0.43905621828564106,46679
2,8,1,offset_2,0.16997756266739322,9.76506669081841,1.792845220674869,0.43905621828564106,46679
2,8,1,offset_4,0.07877530657394057,4.5255744947315915,1.792845220674869,0.43905621828564106,46679
2,8,1,offset_8,0.016135660060959317,0.9269799738449161,1.792845220674869,0.43905621828564106,46679
2,8,1,offset_16,0.0007074106765864475,0.0406401428886283,1.792845220674869,0.43905621828564106,46679
2,8,1,offset_32,0.0019289779522819604,0.1108181459573611,1.792845220674869,0.43905621828564106,46679
2,9,1,offset_0,0.12878076908942157,7.39834586941235,1.761382876935411,0.43116951037559254,46679
2,9,1,offset_1,0.3165753465832163,18.186984938142533,1.761382876935411,0.43116951037559254,46679
2,9,1,offset_2,0.19573424949754584,11.244766485803249,1.761382876935411,0.43116951037559254,46679
2,9,1,offset_4,0.06734132075676282,3.868701715204255,1.761382876935411,0.43116951037559254,46679
2,9,1,offset_8,0.008707880791213683,0.5002603598234208,1.761382876935411,0.43116951037559254,46679
2,9,1,offset_16,0.00019345604740765996,0.011113885709577335,1.761382876935411,0.43116951037559254,46679
2,9,1,offset_32,0.001424397988818586,0.08183045536603246,1.761382876935411,0.43116951037559254,46679
2,10,1,offset_0,0.13310727894725327,7.646900188213125,3.058626034084145,0.7475437640335195,46679
2,10,1,offset_1,0.1098701844155918,6.311948832035958,3.058626034084145,0.7475437640335195,46679
2,10,1,offset_2,0.09182636897403082,5.275346951301599,3.058626034084145,0.7475437640335195,46679
2,10,1,offset_4,0.06832344150882359,3.925123718742902,3.058626034084145,0.7475437640335195,46679
2,10,1,offset_8,0.03979152330774016,2.2859892372364072,3.058626034084145,0.7475437640335195,46679
2,10,1,offset_16,0.014211075862750468,0.8164142453294438,3.058626034084145,0.7475437640335195,46679
2,10,1,offset_32,0.0029881776504477684,0.17166826952174594,3.058626034084145,0.7475437640335195,46679
2,11,1,offset_0,0.07422510579970762,4.2641693226622435,2.080975496602188,0.5095710320228455,46679
2,11,1,offset_1,0.061540302222253804,3.535438124556118,2.080975496602188,0.5095710320228455,46679
2,11,1,offset_2,0.05209526680247901,2.992828857051098,2.080975496602188,0.5095710320228455,46679
2,11,1,offset_4,0.03695338638334778,2.122940680065383,2.080975496602188,0.5095710320228455,46679
2,11,1,offset_8,0.01884148424120904,1.0824272761778153,2.080975496602188,0.5095710320228455,46679
2,11,1,offset_16,0.005212217420196481,0.2994374664311374,2.080975496602188,0.5095710320228455,46679
2,11,1,offset_32,0.011879884658896996,0.682489289485579,2.080975496602188,0.5095710320228455,46679
3,0,1,offset_0,0.08040879013208609,4.619416738574438,1.3057904229025847,0.3129520521609123,46679
3,0,1,offset_1,0.0026100550053782543,0.1499454445296167,1.3057904229025847,0.3129520521609123,46679
3,0,1,offset_2,0.0019687501969019054,0.11310302765034827,1.3057904229025847,0.3129520521609123,46679
3,0,1,offset_4,0.002678065696676626,0.15385260101424525,1.3057904229025847,0.3129520521609123,46679
3,0,1,offset_8,0.003054471335783,0.1754767854712622,1.3057904229025847,0.3129520521609123,46679
3,0,1,offset_16,0.003544097506061577,0.2036053933375609,1.3057904229025847,0.3129520521609123,46679
3,0,1,offset_32,0.020703829802003363,1.1894174478047133,1.3057904229025847,0.3129520521609123,46679
3,1,1,offset_0,0.06001016569375989,3.4475330798412562,1.976794838752106,0.4837781560179181,46679
3,1,1,offset_1,0.09151020501970775,5.257183600499594,1.976794838752106,0.4837781560179181,46679
3,1,1,offset_2,0.08483962028230145,4.873964169621006,1.976794838752106,0.4837781560179181,46679
3,1,1,offset_4,0.060098391441247505,3.452601574144529,1.976794838752106,0.4837781560179181,46679
3,1,1,offset_8,0.028529430676478933,1.6389915753294866,1.976794838752106,0.4837781560179181,46679
3,1,1,offset_16,0.006320178041246611,0.36308886362481285,1.976794838752106,0.4837781560179181,46679
3,1,1,offset_32,0.007845694406833177,0.4507284839024448,1.976794838752106,0.4837781560179181,46679
3,2,1,offset_0,0.11039337354393956,6.342005603353617,1.4661933175339836,0.3589771408147286,46679
3,2,1,offset_1,0.3319865646301519,19.072346333219997,1.4661933175339836,0.3589771408147286,46679
3,2,1,offset_2,0.1714677096500878,9.850674370071983,1.4661933175339836,0.3589771408147286,46679
3,2,1,offset_4,0.05122240614787368,2.942683753366495,1.4661933175339836,0.3589771408147286,46679
3,2,1,offset_8,0.008146255526460418,0.46799546509554607,1.4661933175339836,0.3589771408147286,46679
3,2,1,offset_16,0.0005003860957333004,0.028746756450175073,1.4661933175339836,0.3589771408147286,46679
3,2,1,offset_32,0.00313910981697072,0.1803391943706352,1.4661933175339836,0.3589771408147286,46679
3,3,1,offset_0,0.07692747679053732,4.4194182421941814,1.0454939197069826,0.2558680541533053,46679
3,3,1,offset_1,0.3108506706591183,17.858107165659547,1.0454939197069826,0.2558680541533053,46679
3,3,1,offset_2,0.08109015191991786,4.658560394915552,1.0454939197069826,0.2558680541533053,46679
3,3,1,offset_4,0.012540277408831015,0.7204282923989072,1.0454939197069826,0.2558680541533053,46679
3,3,1,offset_8,0.0013177334129709532,0.07570266602516436,1.0454939197069826,0.2558680541533053,46679
3,3,1,offset_16,3.928697231466537e-05,0.002257003210969311,1.0454939197069826,0.2558680541533053,46679
3,3,1,offset_32,0.009842436244260965,0.5654396075404707,1.0454939197069826,0.2558680541533053,46679
3,4,1,offset_0,0.016256315822640702,0.9339115449356001,2.039412245976388,0.4905064581900125,46679
3,4,1,offset_1,0.010887977442979067,0.6255050619055192,2.039412245976388,0.4905064581900125,46679
3,4,1,offset_2,0.00825020714298717,0.4739673972263086,2.039412245976388,0.4905064581900125,46679
3,4,1,offset_4,0.00712070282964513,0.4090783331976955,2.039412245976388,0.4905064581900125,46679
3,4,1,offset_8,0.006727669433791584,0.386498898229924,2.039412245976388,0.4905064581900125,46679
3,4,1,offset_16,0.006789184117346116,0.39003286458376574,2.039412245976388,0.4905064581900125,46679
3,4,1,offset_32,0.021390867940152766,1.228887205653239,2.039412245976388,0.4905064581900125,46679
3,5,1,offset_0,0.028562454449395,1.6408887630514852,2.579349597976141,0.6295251631681213,46679
3,5,1,offset_1,0.03463670221777576,1.9898491412565757,2.579349597976141,0.6295251631681213,46679
3,5,1,offset_2,0.03174494687401008,1.8237202514062256,2.579349597976141,0.6295251631681213,46679
3,5,1,offset_4,0.028562204554691693,1.6408744068129018,2.579349597976141,0.6295251631681213,46679
3,5,1,offset_8,0.02290128629516496,1.3156594580392278,2.579349597976141,0.6295251631681213,46679
3,5,1,offset_16,0.013861773316047923,0.7963471105247312,2.579349597976141,0.6295251631681213,46679
3,5,1,offset_32,0.014626797438602157,0.8402970969793846,2.579349597976141,0.6295251631681213,46679
3,6,1,offset_0,0.15105499145917511,8.677981037216103,1.7115159966812135,0.41911889772924044,46679
3,6,1,offset_1,0.2650697671929419,15.228033122370006,1.7115159966812135,0.41911889772924044,46679
3,6,1,offset_2,0.15923435069293154,9.147878282195924,1.7115159966812135,0.41911889772924044,46679
3,6,1,offset_4,0.053142341605967904,3.0529824157084375,1.7115159966812135,0.41911889772924044,46679
3,6,1,offset_8,0.01174809814792711,0.6749182662965397,1.7115159966812135,0.41911889772924044,46679
3,6,1,offset_16,0.0012556383832760605,0.07213535927818218,1.7115159966812135,0.41911889772924044,46679
3,6,1,offset_32,0.0034775847809524825,0.19978429373896678,1.7115159966812135,0.41911889772924044,46679
3,7,1,offset_0,0.1208647292731416,6.9435761014494615,1.491728514788206,0.36531067327191546,46679
3,7,1,offset_1,0.3760516881753428,21.6038502764783,1.491728514788206,0.36531067327191546,46679
3,7,1,offset_2,0.1635497356199867,9.395793483166916,1.491728514788206,0.36531067327191546,46679
3,7,1,offset_4,0.035410239516456665,2.0342882024533484,1.491728514788206,0.36531067327191546,46679
3,7,1,offset_8,0.004247855012556966,0.24403566470542915,1.491728514788206,0.36531067327191546,46679
3,7,1,offset_16,0.00012778620500963764,0.007341209007258452,1.491728514788206,0.36531067327191546,46679
3,7,1,offset_32,0.003980100022012005,0.22865336778082124,1.491728514788206,0.36531067327191546,46679
3,8,1,offset_0,0.12578417500060374,7.226194082650487,1.5779740768013812,0.38643961590503006,46679
3,8,1,offset_1,0.25748166478427176,14.792103080106621,1.5779740768013812,0.38643961590503006,46679
3,8,1,offset_2,0.1637254225714586,9.405886549398174,1.5779740768013812,0.38643961590503006,46679
3,8,1,offset_4,0.05870362235733179,3.37247327421485,1.5779740768013812,0.38643961590503006,46679
3,8,1,offset_8,0.00938481243144044,0.5391495079451301,1.5779740768013812,0.38643961590503006,46679
3,8,1,offset_16,0.00045865135017011325,0.026349130743855663,1.5779740768013812,0.38643961590503006,46679
3,8,1,offset_32,0.004289464658489483,0.24642610354415664,1.5779740768013812,0.38643961590503006,46679
3,9,1,offset_0,0.07801722449418734,4.482023322743145,1.6382998825517778,0.40101800808947324,46679
3,9,1,offset_1,0.1447023488920325,8.313027114135881,1.6382998825517778,0.40101800808947324,46679
3,9,1,offset_2,0.09180056767209396,5.273864688406605,1.6382998825517778,0.40101800808947324,46679
3,9,1,offset_4,0.044045371849291026,2.5303692250949648,1.6382998825517778,0.40101800808947324,46679
3,9,1,offset_8,0.017828178624088666,1.0242137286125783,1.6382998825517778,0.40101800808947324,46679
3,9,1,offset_16,0.0038534638547517187,0.22137822746606042,1.6382998825517778,0.40101800808947324,46679
3,9,1,offset_32,0.00891222781102253,0.5119999226527104,1.6382998825517778,0.40101800808947324,46679
3,10,1,offset_0,0.15767301321800395,9.05818076959318,1.7804235207748234,0.4352324732743825,46679
3,10,1,offset_1,0.07049549597830801,4.0499064042795165,1.7804235207748234,0.4352324732743825,46679
3,10,1,offset_2,0.04475113987151308,2.570914998884716,1.7804235207748234,0.4352324732743825,46679
3,10,1,offset_4,0.024799336321578085,1.4247008209084069,1.7804235207748234,0.4352324732743825,46679
3,10,1,offset_8,0.012131888238209822,0.6969666812053906,1.7804235207748234,0.4352324732743825,46679
3,10,1,offset_16,0.003961600078749001,0.2275905617439263,1.7804235207748234,0.4352324732743825,46679
3,10,1,offset_32,0.012040073627141955,0.6916920097358176,1.7804235207748234,0.4352324732743825,46679
3,11,1,offset_0,0.09694213894637065,5.569243593722203,1.8347014904832413,0.44926216781478173,46679
3,11,1,offset_1,0.1879606974622055,10.798182519905453,1.8347014904832413,0.44926216781478173,46679
3,11,1,offset_2,0.12555540506580948,7.2130514440865285,1.8347014904832413,0.44926216781478173,46679
3,11,1,offset_4,0.058222618716821946,3.344840023364583,1.8347014904832413,0.44926216781478173,46679
3,11,1,offset_8,0.019435511302106696,1.1165536265901173,1.8347014904832413,0.44926216781478173,46679
3,11,1,offset_16,0.0027372311877245366,0.15725160825267942,1.8347014904832413,0.44926216781478173,46679
3,11,1,offset_32,0.005702286621636052,0.3275915260615709,1.8347014904832413,0.44926216781478173,46679
4,0,1,offset_0,0.05447682536671748,3.1296473749950526,1.3079653378895186,0.3204811749605706,46679
4,0,1,offset_1,0.18588370377831367,10.67886099580936,1.3079653378895186,0.3204811749605706,46679
4,0,1,offset_2,0.11745257430010207,6.7475506946353985,1.3079653378895186,0.3204811749605706,46679
4,0,1,offset_4,0.0542815545975834,3.118429235062708,1.3079653378895186,0.3204811749605706,46679
4,0,1,offset_8,0.015092270975672308,0.8670381565696754,1.3079653378895186,0.3204811749605706,46679
4,0,1,offset_16,0.0022100103959632007,0.1269632212941627,1.3079653378895186,0.3204811749605706,46679
4,0,1,offset_32,0.0072078598601549825,0.4140854306177697,1.3079653378895186,0.3204811749605706,46679
4,1,1,offset_0,0.061971815852363846,3.5602282163182117,1.661967562766665,0.4070694571229075,46679
4,1,1,offset_1,0.16522420129051923,9.491990114578979,1.661967562766665,0.4070694571229075,46679
4,1,1,offset_2,0.12515039527425512,7.189783975351836,1.661967562766665,0.4070694571229075,46679
4,1,1,offset_4,0.057541503559487,3.3057105357361616,1.661967562766665,0.4070694571229075,46679
4,1,1,offset_8,0.016034031332515977,0.9211414896627762,1.661967562766665,0.4070694571229075,46679
4,1,1,offset_16,0.002232744553795661,0.12826927936388552,1.661967562766665,0.4070694571229075,46679
4,1,1,offset_32,0.007492609560672301,0.43044405920443307,1.661967562766665,0.4070694571229075,46679
4,2,1,offset_0,0.015431684198944084,0.8865371581377827,2.152225479674821,0.524242574117686,46679
4,2,1,offset_1,0.01856938696170628,1.0667955184385076,2.152225479674821,0.524242574117686,46679
4,2,1,offset_2,0.01886670693431854,1.083876298486826,2.152225479674821,0.524242574117686,46679
4,2,1,offset_4,0.01720195674753576,0.9882378133692564,2.152225479674821,0.524242574117686,46679
4,2,1,offset_8,0.014224612786267672,0.8171919300947718,2.152225479674821,0.524242574117686,46679
4,2,1,offset_16,0.010233615824416651,0.5879125423700003,2.152225479674821,0.524242574117686,46679
4,2,1,offset_32,0.017498576962742197,1.0052783929485951,2.152225479674821,0.524242574117686,46679
4,3,1,offset_0,0.06632000830052893,3.8100281815285038,1.6837147708573859,0.41247234915840125,46679
4,3,1,offset_1,0.17266975255925665,9.919730714856899,1.6837147708573859,0.41247234915840125,46679
4,3,1,offset_2,0.1237032881160675,7.106648897482093,1.6837147708573859,0.41247234915840125,46679
4,3,1,offset_4,0.049887297029782715,2.8659828678314483,1.6837147708573859,0.41247234915840125,46679
4,3,1,offset_8,0.017054675611099877,0.9797766370997145,1.6837147708573859,0.41247234915840125,46679
4,3,1,offset_16,0.003924845458313766,0.2254790399988587,1.6837147708573859,0.41247234915840125,46679
4,3,1,offset_32,0.007389670122610038,0.4245302758672738,1.6837147708573859,0.41247234915840125,46679
4,4,1,offset_0,0.05299859273869061,3.044724165303711,2.124779309529876,0.5144162872746618,46679
4,4,1,offset_1,0.04099548852207563,2.3551560168214083,2.124779309529876,0.5144162872746618,46679
4,4,1,offset_2,0.02057693637241558,1.1821275279876133,2.124779309529876,0.5144162872746618,46679
4,4,1,offset_4,0.011616602545887957,0.6673639555786347,2.124779309529876,0.5144162872746618,46679
4,4,1,offset_8,0.008278154290651858,0.4755729371368781,2.124779309529876,0.5144162872746618,46679
4,4,1,offset_16,0.007010924059678074,0.4027716360481313,2.124779309529876,0.5144162872746618,46679
4,4,1,offset_32,0.01808326716518274,1.0388683487680717,2.124779309529876,0.5144162872746618,46679
4,5,1,offset_0,0.054130470504666246,3.1097495821714336,1.4952373475279435,0.36610687883588167,46679
4,5,1,offset_1,0.12464184742649152,7.160568333175574,1.4952373475279435,0.36610687883588167,46679
4,5,1,offset_2,0.08869195681158216,5.095277633195681,1.4952373475279435,0.36610687883588167,46679
4,5,1,offset_4,0.043539421939171145,2.501302832231091,1.4952373475279435,0.36610687883588167,46679
4,5,1,offset_8,0.013744007051192992,0.7895815385739952,1.4952373475279435,0.36610687883588167,46679
4,5,1,offset_16,0.002452923027097786,0.1409183457579307,1.4952373475279435,0.36610687883588167,46679
4,5,1,offset_32,0.010319561770027595,0.5928500639906543,1.4952373475279435,0.36610687883588167,46679
4,6,1,offset_0,0.04570855748910884,2.6259178283174536,2.0680761459569457,0.5059437635450117,46679
4,6,1,offset_1,0.09001639845797528,5.171365681536705,2.0680761459569457,0.5059437635450117,46679
4,6,1,offset_2,0.07036549286979919,4.042437836048035,2.0680761459569457,0.5059437635450117,46679
4,6,1,offset_4,0.044580741990054525,2.5611257852361304,2.0680761459569457,0.5059437635450117,46679
4,6,1,offset_8,0.021304503399080976,1.2239256360786817,2.0680761459569457,0.5059437635450117,46679
4,6,1,offset_16,0.005730448017653078,0.3292093743581188,2.0680761459569457,0.5059437635450117,46679
4,6,1,offset_32,0.010513459326345646,0.6039893140123614,2.0680761459569457,0.5059437635450117,46679
4,7,1,offset_0,0.4722152190628224,27.128363498133943,1.7672788198721199,0.4321098028819842,46679
4,7,1,offset_1,0.12898151272845584,7.409878421074849,1.7672788198721199,0.4321098028819842,46679
4,7,1,offset_2,0.0434141469299755,2.494105889291733,1.7672788198721199,0.4321098028819842,46679
4,7,1,offset_4,0.021817531129003795,1.25339864368227,1.7672788198721199,0.4321098028819842,46679
4,7,1,offset_8,0.011347097684089183,0.6518811300358629,1.7672788198721199,0.4321098028819842,46679
4,7,1,offset_16,0.004795755085929879,0.27551205883904817,1.7672788198721199,0.4321098028819842,46679
4,7,1,offset_32,0.004254355131122635,0.2444090909994406,1.7672788198721199,0.4321098028819842,46679
4,8,1,offset_0,0.019868494120448423,1.1414281219690097,2.2046038979577176,0.5319773446132887,46679
4,8,1,offset_1,0.018056574879850726,1.037334899633332,2.2046038979577176,0.5319773446132887,46679
4,8,1,offset_2,0.013273183833633295,0.7625331443806238,2.2046038979577176,0.5319773446132887,46679
4,8,1,offset_4,0.010872595086541951,0.624621358585427,2.2046038979577176,0.5319773446132887,46679
4,8,1,offset_8,0.009449847987844312,0.5428857454554948,2.2046038979577176,0.5319773446132887,46679
4,8,1,offset_16,0.008480339783533396,0.4871883220789929,2.2046038979577176,0.5319773446132887,46679
4,8,1,offset_32,0.02009044189367736,1.1541788331419907,2.2046038979577176,0.5319773446132887,46679
4,9,1,offset_0,0.03302865965255242,1.897468460861675,1.8527298383018107,0.45349009200079304,46679
4,9,1,offset_1,0.07515132698941754,4.317379943793838,1.8527298383018107,0.45349009200079304,46679
4,9,1,offset_2,0.06584266292589816,3.7826050949476926,1.8527298383018107,0.45349009200079304,46679
4,9,1,offset_4,0.043591699671313294,2.5043061435670215,1.8527298383018107,0.45349009200079304,46679
4,9,1,offset_8,0.023621442455626012,1.3570318181575256,1.8527298383018107,0.45349009200079304,46679
4,9,1,offset_16,0.00745470356224961,0.42826639177132636,1.8527298383018107,0.45349009200079304,46679
4,9,1,offset_32,0.010620335418729443,0.6101292547986877,1.8527298383018107,0.45349009200079304,46679
4,10,1,offset_0,0.018962655817214284,1.0893884803635592,1.9573180471722142,0.47263448358856064,46679
4,10,1,offset_1,0.010980801513917378,0.6308377259877754,1.9573180471722142,0.47263448358856064,46679
4,10,1,offset_2,0.008627536854226403,0.49564466884296526,1.9573180471722142,0.47263448358856064,46679
4,10,1,offset_4,0.007355050677542508,0.4225414181346503,1.9573180471722142,0.47263448358856064,46679
4,10,1,offset_8,0.006733273924417172,0.38682087145902616,1.9573180471722142,0.47263448358856064,46679
4,10,1,offset_16,0.006523321742971734,0.3747592968516218,1.9573180471722142,0.47263448358856064,46679
4,10,1,offset_32,0.020541329342627195,1.1800819343510818,1.9573180471722142,0.47263448358856064,46679
4,11,1,offset_0,0.00044340763433331373,0.02547339220856728,0.005433376501222267,0.0013281794209543097,46679
4,11,1,offset_1,0.9986214083314525,57.3699522349151,0.005433376501222267,0.0013281794209543097,46679
4,11,1,offset_2,0.0007147798957441731,0.041063498273922645,0.005433376501222267,0.0013281794209543097,46679
4,11,1,offset_4,4.759824224964377e-05,0.002734478613762735,0.005433376501222267,0.0013281794209543097,46679
4,11,1,offset_8,2.24899084490221e-06,0.0001292026149973911,0.005433376501222267,0.0013281794209543097,46679
4,11,1,offset_16,6.988964262627884e-09,4.0151006434803845e-07,0.005433376501222267,0.0013281794209543097,46679
4,11,1,offset_32,4.2612466307874646e-08,2.4480500180537735e-06,0.005433376501222267,0.0013281794209543097,46679
5,0,1,offset_0,0.01349321629581569,0.7751738225597812,0.9621075688364794,0.23050566381798623,46679
5,0,1,offset_1,0.012222413179212067,0.7021672622244224,0.9621075688364794,0.23050566381798623,46679
5,0,1,offset_2,0.0090176183471745,0.5180545194945236,0.9621075688364794,0.23050566381798623,46679
5,0,1,offset_4,0.00694954654042458,0.39924554966695314,0.9621075688364794,0.23050566381798623,46679
5,0,1,offset_8,0.005995409417765988,0.3444311818837277,0.9621075688364794,0.23050566381798623,46679
5,0,1,offset_16,0.004715356396319664,0.27089322236688146,0.9621075688364794,0.23050566381798623,46679
5,0,1,offset_32,0.02092239360437729,1.2019737527245369,0.9621075688364794,0.23050566381798623,46679
5,1,1,offset_0,0.0032903290338745523,0.18902661002024507,0.16866840408090436,0.04039528779313945,46679
5,1,1,offset_1,0.0006541467589411533,0.03758017603265965,0.16866840408090436,0.04039528779313945,46679
5,1,1,offset_2,0.00054014234333765,0.031030719128195258,0.16866840408090436,0.04039528779313945,46679
5,1,1,offset_4,0.0006705913423944329,0.038524903393165624,0.16866840408090436,0.04039528779313945,46679
5,1,1,offset_8,0.0011805344967318928,0.06782070474769841,0.16866840408090436,0.04039528779313945,46679
5,1,1,offset_16,0.001379134970268959,0.07923013337159522,0.16866840408090436,0.04039528779313945,46679
5,1,1,offset_32,0.021354076368597846,1.2267735610977113,0.16866840408090436,0.04039528779313945,46679
5,2,1,offset_0,0.019707565992350212,1.1321829376126331,1.5176589805163967,0.3716395287556106,46679
5,2,1,offset_1,0.12031688376356692,6.912102841959735,1.5176589805163967,0.3716395287556106,46679
5,2,1,offset_2,0.0806904906712189,4.635600195427824,1.5176589805163967,0.3716395287556106,46679
5,2,1,offset_4,0.03866951909465198,2.2215310476009633,1.5176589805163967,0.3716395287556106,46679
5,2,1,offset_8,0.015652689277994153,0.8992337123303878,1.5176589805163967,0.3716395287556106,46679
5,2,1,offset_16,0.004241489046871094,0.24366994538048717,1.5176589805163967,0.3716395287556106,46679
5,2,1,offset_32,0.011242434370075473,0.6458683114885947,1.5176589805163967,0.3716395287556106,46679
5,3,1,offset_0,0.03159215543000649,1.8149425126443102,2.2611656520334438,0.5530789467428456,46679
5,3,1,offset_1,0.06230702245818009,3.57948555128426,2.2611656520334438,0.5530789467428456,46679
5,3,1,offset_2,0.06310181154115596,3.6251455094493306,2.2611656520334438,0.5530789467428456,46679
5,3,1,offset_4,0.048730337643133184,2.7995165331463925,2.2611656520334438,0.5530789467428456,46679
5,3,1,offset_8,0.028708940567956018,1.6493042662189623,2.2611656520334438,0.5530789467428456,46679
5,3,1,offset_16,0.011115462066228708,0.6385738604122682,2.2611656520334438,0.5530789467428456,46679
5,3,1,offset_32,0.010350873842914249,0.5946489159989294,2.2611656520334438,0.5530789467428456,46679
5,4,1,offset_0,0.047462047533075404,2.726654342903942,1.5569005402463008,0.38138552008886933,46679
5,4,1,offset_1,0.11617786363490398,6.674319648950187,1.5569005402463008,0.38138552008886933,46679
5,4,1,offset_2,0.07959498494011531,4.57266432108932,1.5569005402463008,0.38138552008886933,46679
5,4,1,offset_4,0.03965445406840678,2.278114725787097,1.5569005402463008,0.38138552008886933,46679
5,4,1,offset_8,0.014688752062738702,0.8438563375462221,1.5569005402463008,0.38138552008886933,46679
5,4,1,offset_16,0.003203654924630666,0.18404725601697586,1.5569005402463008,0.38138552008886933,46679
5,4,1,offset_32,0.010993149643420495,0.6315471155460947,1.5569005402463008,0.38138552008886933,46679
5,5,1,offset_0,0.01089501281351238,0.6259092379707265,0.9911282174481959,0.2379953811247189,46679
5,5,1,offset_1,0.00559556240595673,0.32146031046299717,0.9911282174481959,0.2379953811247189,46679
5,5,1,offset_2,0.005200323086859129,0.29875414707733927,0.9911282174481959,0.2379953811247189,46679
5,5,1,offset_4,0.004977619322550031,0.28596000485852147,0.9911282174481959,0.2379953811247189,46679
5,5,1,offset_8,0.005586129848616714,0.3209184180505823,0.9911282174481959,0.2379953811247189,46679
5,5,1,offset_16,0.005458422370740387,0.3135817318503055,0.9911282174481959,0.2379953811247189,46679
5,5,1,offset_32,0.02123984366090973,1.2202109890067703,0.9911282174481959,0.2379953811247189,46679
5,6,1,offset_0,0.02535611732641208,1.45668741701594,0.7244116628193827,0.17756280919924136,46679
5,6,1,offset_1,0.2027763465683839,11.6493289848815,0.7244116628193827,0.17756280919924136,46679
5,6,1,offset_2,0.029521853729296745,1.6960054373015796,0.7244116628193827,0.17756280919924136,46679
5,6,1,offset_4,0.0032001760393251012,0.18384739700920186,0.7244116628193827,0.17756280919924136,46679
5,6,1,offset_8,0.0011914168857749354,0.06844588876077126,0.7244116628193827,0.17756280919924136,46679
5,6,1,offset_16,0.0004655045138664858,0.026742839180945818,0.7244116628193827,0.17756280919924136,46679
5,6,1,offset_32,0.015232316514859505,0.8750836539191732,0.7244116628193827,0.17756280919924136,46679
5,7,1,offset_0,0.03263771053964965,1.8750087661801949,1.0046277045010905,0.24629478660312745,46679
5,7,1,offset_1,0.08480381460978126,4.8719071641281495,1.0046277045010905,0.24629478660312745,46679
5,7,1,offset_2,0.04797534129006266,2.756142633536567,1.0046277045010905,0.24629478660312745,46679
5,7,1,offset_4,0.019501258407295843,1.1203307419742021,1.0046277045010905,0.24629478660312745,46679
5,7,1,offset_8,0.008646090559876144,0.49671056348334236,1.0046277045010905,0.24629478660312745,46679
5,7,1,offset_16,0.0026001904924092987,0.1493787366329822,1.0046277045010905,0.24629478660312745,46679
5,7,1,offset_32,0.014966072227623374,0.8597881456173062,1.0046277045010905,0.24629478660312745,46679
5,8,1,offset_0,0.02299257307515725,1.3209038060615554,1.0940359666690245,0.2674710078801026,46679
5,8,1,offset_1,0.022288131727076617,1.2804342485750897,1.0940359666690245,0.2674710078801026,46679
5,8,1,offset_2,0.02057923338159532,1.182259489215187,1.0940359666690245,0.2674710078801026,46679
5,8,1,offset_4,0.016414077401616885,0.9429748137328221,1.0940359666690245,0.2674710078801026,46679
5,8,1,offset_8,0.01133796988375367,0.6513567456546656,1.0940359666690245,0.2674710078801026,46679
5,8,1,offset_16,0.005470732750480622,0.31428895271679086,1.0940359666690245,0.2674710078801026,46679
5,8,1,offset_32,0.01709263093808442,0.9819571384168273,1.0940359666690245,0.2674710078801026,46679
5,9,1,offset_0,0.00865726371828156,0.4973524519494657,1.8092286093422874,0.43614697792427504,46679
5,9,1,offset_1,0.009383430941860924,0.5390701425414559,1.8092286093422874,0.43614697792427504,46679
5,9,1,offset_2,0.00794747822098995,0.45657587762717794,1.8092286093422874,0.43614697792427504,46679
5,9,1,offset_4,0.007380704127834192,0.4240151870781318,1.8092286093422874,0.43614697792427504,46679
5,9,1,offset_8,0.006982708769604145,0.401150691583762,1.8092286093422874,0.43614697792427504,46679
5,9,1,offset_16,0.006402593757809508,0.36782357658327003,1.8092286093422874,0.43614697792427504,46679
5,9,1,offset_32,0.0210155547503141,1.207325781479333,1.8092286093422874,0.43614697792427504,46679
5,10,1,offset_0,0.038107544213605696,2.1892460677138246,2.6627402269035665,0.6455363535957364,46679
5,10,1,offset_1,0.04953357528281537,2.8456618537227345,2.6627402269035665,0.6455363535957364,46679
5,10,1,offset_2,0.02780687614594069,1.5974814308860963,2.6627402269035665,0.6455363535957364,46679
5,10,1,offset_4,0.01853960496976719,1.0650845682818701,2.6627402269035665,0.6455363535957364,46679
5,10,1,offset_8,0.014021556166761989,0.8055264996675504,2.6627402269035665,0.6455363535957364,46679
5,10,1,offset_16,0.01172361500987615,0.6735117307978753,2.6627402269035665,0.6455363535957364,46679
5,10,1,offset_32,0.01706120392952215,0.9801516834515506,2.6627402269035665,0.6455363535957364,46679
5,11,1,offset_0,0.11591277810190839,6.659090710095837,2.037905246639301,0.4946605470549724,46679
5,11,1,offset_1,0.02795166691371864,1.6057995375901741,2.037905246639301,0.4946605470549724,46679
5,11,1,offset_2,0.017933289604943368,1.0302522652398622,2.037905246639301,0.4946605470549724,46679
5,11,1,offset_4,0.01268814351777753,0.7289230748426345,2.037905246639301,0.4946605470549724,46679
5,11,1,offset_8,0.009242372948310576,0.5309664805482109,2.037905246639301,0.4946605470549724,46679
5,11,1,offset_16,0.006863911037265902,0.3943258627016646,2.037905246639301,0.4946605470549724,46679
5,11,1,offset_32,0.016532823655206905,0.9497966852045314,2.037905246639301,0.4946605470549724,46679
6,0,1,offset_0,0.032505258365239154,1.867399501191537,1.9294116889247526,0.4723938000515276,46679
6,0,1,offset_1,0.14344501046310895,8.240794088678324,1.9294116889247526,0.4723938000515276,46679
6,0,1,offset_2,0.11693025991451397,6.7175441765467605,1.9294116889247526,0.4723938000515276,46679
6,0,1,offset_4,0.059653105178544566,3.427020256330789,1.9294116889247526,0.4723938000515276,46679
6,0,1,offset_8,0.02173593432717851,1.2487109766803577,1.9294116889247526,0.4723938000515276,46679
6,0,1,offset_16,0.006593578892643357,0.3787955104629011,1.9294116889247526,0.4723938000515276,46679
6,0,1,offset_32,0.007642914919274989,0.4390789744703653,1.9294116889247526,0.4723938000515276,46679
6,1,1,offset_0,0.020415452444536356,1.1728504134056048,0.8522672508913572,0.20852110157590253,46679
6,1,1,offset_1,0.04903002558042752,2.816733350755664,0.8522672508913572,0.20852110157590253,46679
6,1,1,offset_2,0.02865338315816037,1.6461125401857728,0.8522672508913572,0.20852110157590253,46679
6,1,1,offset_4,0.016818240335813372,0.9661936312311544,0.8522672508913572,0.20852110157590253,46679
6,1,1,offset_8,0.008686187420879976,0.4990140941120352,0.8522672508913572,0.20852110157590253,46679
6,1,1,offset_16,0.002879098205107405,0.1654017479783678,0.8522672508913572,0.20852110157590253,46679
6,1,1,offset_32,0.016773511462597993,0.9636239954327637,0.8522672508913572,0.20852110157590253,46679
6,2,1,offset_0,0.014524060482295969,0.8343949460472365,2.49666430400636,0.603493922876246,46679
6,2,1,offset_1,0.01565204521513991,0.8991967114661205,2.49666430400636,0.603493922876246,46679
6,2,1,offset_2,0.015390331089021747,0.8841614570750809,2.49666430400636,0.603493922876246,46679
6,2,1,offset_4,0.014317687380047824,0.8225389865016369,2.49666430400636,0.603493922876246,46679
6,2,1,offset_8,0.012245658452983216,0.7035026834709652,2.49666430400636,0.603493922876246,46679
6,2,1,offset_16,0.009771246885043787,0.5613498392820997,2.49666430400636,0.603493922876246,46679
6,2,1,offset_32,0.019627698146565873,1.1275945976676593,2.49666430400636,0.603493922876246,46679
6,3,1,offset_0,0.014864732617130658,0.8539662710160135,1.5955807224006873,0.38894508680458517,46679
6,3,1,offset_1,0.02029611087211439,1.1659943413723328,1.5955807224006873,0.38894508680458517,46679
6,3,1,offset_2,0.020337718949566437,1.1683846901031887,1.5955807224006873,0.38894508680458517,46679
6,3,1,offset_4,0.018966055248289856,1.0895837747932644,1.5955807224006873,0.38894508680458517,46679
6,3,1,offset_8,0.014055570595278422,0.8074805997128781,1.5955807224006873,0.38894508680458517,46679
6,3,1,offset_16,0.0074601549113593795,0.428579567150338,1.5955807224006873,0.38894508680458517,46679
6,3,1,offset_32,0.017177657686553445,0.9868418529419329,1.5955807224006873,0.38894508680458517,46679
6,4,1,offset_0,0.023587937565510326,1.3551069906608022,2.6496617986546243,0.642359427720871,46679
6,4,1,offset_1,0.026692734638092994,1.5334749469925089,2.6496617986546243,0.642359427720871,46679
6,4,1,offset_2,0.020901512783205362,1.200774167272768,2.6496617986546243,0.642359427720871,46679
6,4,1,offset_4,0.016066526907365545,0.9230083328542121,2.6496617986546243,0.642359427720871,46679
6,4,1,offset_8,0.013146779771266959,0.7552713382949996,2.6496617986546243,0.642359427720871,46679
6,4,1,offset_16,0.01101807186808991,0.6329788761982733,2.6496617986546243,0.642359427720871,46679
6,4,1,offset_32,0.018061178994739715,1.0375994021255293,2.6496617986546243,0.642359427720871,46679
6,5,1,offset_0,0.061672901975466175,3.5430558678216726,1.7029472028459083,0.41592698756554036,46679
6,5,1,offset_1,0.054636550484488094,3.1388234474292767,1.7029472028459083,0.41592698756554036,46679
6,5,1,offset_2,0.03996371163284784,2.2958813103528275,1.7029472028459083,0.41592698756554036,46679
6,5,1,offset_4,0.025054401813231906,1.439354116893123,1.7029472028459083,0.41592698756554036,46679
6,5,1,offset_8,0.013505613757962472,0.7758860462366032,1.7029472028459083,0.41592698756554036,46679
6,5,1,offset_16,0.005165505800052437,0.2967539235047376,1.7029472028459083,0.41592698756554036,46679
6,5,1,offset_32,0.014411255156667182,0.8279143758439793,1.7029472028459083,0.41592698756554036,46679
6,6,1,offset_0,0.08596523249524525,4.938629635785526,1.8856338941667097,0.4558882833402909,46679
6,6,1,offset_1,0.021527813090176994,1.2367545882770707,1.8856338941667097,0.4558882833402909,46679
6,6,1,offset_2,0.013121951449066608,0.7538449722599602,1.8856338941667097,0.4558882833402909,46679
6,6,1,offset_4,0.009416784783602063,0.540986292437278,1.8856338941667097,0.4558882833402909,46679
6,6,1,offset_8,0.007384896418827932,0.42425603063712136,1.8856338941667097,0.4558882833402909,46679
6,6,1,offset_16,0.005963973704404823,0.3426252268351434,1.8856338941667097,0.4558882833402909,46679
6,6,1,offset_32,0.01837805284132356,1.055803535635328,1.8856338941667097,0.4558882833402909,46679
6,7,1,offset_0,0.038682404699002054,2.222271314633008,2.246087669496883,0.5488363595748955,46679
6,7,1,offset_1,0.07655324534700532,4.397918963427359,2.246087669496883,0.5488363595748955,46679
6,7,1,offset_2,0.05998504507943661,3.4460899218718652,2.246087669496883,0.5488363595748955,46679
6,7,1,offset_4,0.03846945100833112,2.210037305868412,2.246087669496883,0.5488363595748955,46679
6,7,1,offset_8,0.02203402737711882,1.2658361693649507,2.246087669496883,0.5488363595748955,46679
6,7,1,offset_16,0.009463903595216455,0.5436932281680074,2.246087669496883,0.5488363595748955,46679
6,7,1,offset_32,0.011791332290292725,0.6774020310764047,2.246087669496883,0.5488363595748955,46679
6,8,1,offset_0,0.02631189472131106,1.5115960170470406,1.318679431928715,0.3227000587855044,46679
6,8,1,offset_1,0.24775629910055133,14.23338907689457,1.318679431928715,0.3227000587855044,46679
6,8,1,offset_2,0.0980174643481846,5.631020125272968,1.318679431928715,0.3227000587855044,46679
6,8,1,offset_4,0.02644674472526116,1.5193430353073658,1.318679431928715,0.3227000587855044,46679
6,8,1,offset_8,0.007305730089644595,0.4197079922253971,1.318679431928715,0.3227000587855044,46679
6,8,1,offset_16,0.0014334066361824578,0.0823479945101512,1.318679431928715,0.3227000587855044,46679
6,8,1,offset_32,0.010364652019129178,0.5954404605269558,1.318679431928715,0.3227000587855044,46679
6,9,1,offset_0,0.004292400075755897,0.24659474077440097,0.3380631072604718,0.08064423739320725,46679
6,9,1,offset_1,0.0013213515444654804,0.07591052460829596,0.3380631072604718,0.08064423739320725,46679
6,9,1,offset_2,0.0012920781734074378,0.07422879428953492,0.3380631072604718,0.08064423739320725,46679
6,9,1,offset_4,0.001430112579128575,0.082158753728546,0.3380631072604718,0.08064423739320725,46679
6,9,1,offset_8,0.0016902445917596947,0.09710311704272233,0.3380631072604718,0.08064423739320725,46679
6,9,1,offset_16,0.001952512870663969,0.11217020704093474,0.3380631072604718,0.08064423739320725,46679
6,9,1,offset_32,0.02153434336746541,1.2371297471641038,0.3380631072604718,0.08064423739320725,46679
6,10,1,offset_0,0.01206636254199114,0.6932022855787173,1.3516023853208479,0.32369819666193395,46679
6,10,1,offset_1,0.006963817807990406,0.40006542187453087,1.3516023853208479,0.32369819666193395,46679
6,10,1,offset_2,0.005663239590845734,0.3253483072875024,1.3516023853208479,0.32369819666193395,46679
6,10,1,offset_4,0.004932119713673412,0.28334609095062674,1.3516023853208479,0.32369819666193395,46679
6,10,1,offset_8,0.004720022303233525,0.271161274758456,1.3516023853208479,0.32369819666193395,46679
6,10,1,offset_16,0.004462794671591335,0.25638376566672744,1.3516023853208479,0.32369819666193395,46679
6,10,1,offset_32,0.02127968020544749,1.2224995646754553,1.3516023853208479,0.32369819666193395,46679
6,11,1,offset_0,0.040385100678580595,2.3200897533366382,1.5762397990662758,0.3853154000523722,46679
6,11,1,offset_1,0.1052606042049476,6.047132361748657,1.5762397990662758,0.3853154000523722,46679
6,11,1,offset_2,0.07452676115169404,4.281499166575547,1.5762397990662758,0.3853154000523722,46679
6,11,1,offset_4,0.04069819911121572,2.33807699251982,1.5762397990662758,0.3853154000523722,46679
6,11,1,offset_8,0.01654456644234364,0.9504712983577434,1.5762397990662758,0.3853154000523722,46679
6,11,1,offset_16,0.0041382246866267505,0.23773749553977563,1.5762397990662758,0.3853154000523722,46679
6,11,1,offset_32,0.011930260384439511,0.6853833321568673,1.5762397990662758,0.3853154000523722,46679
7,0,1,offset_0,0.02682992507533183,1.5413564211586093,1.1626080179043086,0.28472644656580126,46679
7,0,1,offset_1,0.22601213508689524,12.984205311711793,1.1626080179043086,0.28472644656580126,46679
7,0,1,offset_2,0.10075123160059601,5.788072733382249,1.1626080179043086,0.28472644656580126,46679
7,0,1,offset_4,0.02809198091814204,1.6138604580396068,1.1626080179043086,0.28472644656580126,46679
7,0,1,offset_8,0.005583515158294878,0.3207682063110569,1.1626080179043086,0.28472644656580126,46679
7,0,1,offset_16,0.0008695203525599009,0.04995320616748778,1.1626080179043086,0.28472644656580126,46679
7,0,1,offset_32,0.010860843438202499,0.6239462363636409,1.1626080179043086,0.28472644656580126,46679
7,1,1,offset_0,0.015098453356652117,0.8673933291090888,1.4716232571239798,0.3551230673757949,46679
7,1,1,offset_1,0.00913385044488055,0.5247319548448248,1.4716232571239798,0.3551230673757949,46679
7,1,1,offset_2,0.007374856648593895,0.423679254359374,1.4716232571239798,0.3551230673757949,46679
7,1,1,offset_4,0.006070522114407318,0.3487463425468151,1.4716232571239798,0.3551230673757949,46679
7,1,1,offset_8,0.005455101899502024,0.3133909735962234,1.4716232571239798,0.3551230673757949,46679
7,1,1,offset_16,0.005089544395419736,0.2923900052879666,1.4716232571239798,0.3551230673757949,46679
7,1,1,offset_32,0.020710161276667274,1.189781185649721,1.4716232571239798,0.3551230673757949,46679
7,2,1,offset_0,0.0032907856675735577,0.1890528432386422,0.22437245347106544,0.05378405970909823,46679
7,2,1,offset_1,0.0009335105387557079,0.05362938804675538,0.22437245347106544,0.05378405970909823,46679
7,2,1,offset_2,0.000633342493389686,0.03638498863630252,0.22437245347106544,0.05378405970909823,46679
7,2,1,offset_4,0.0005549426142192469,0.031880982127222804,0.22437245347106544,0.05378405970909823,46679
7,2,1,offset_8,0.0006481135110500551,0.03723357106260195,0.22437245347106544,0.05378405970909823,46679
7,2,1,offset_16,0.0007200339687597508,0.041365340308779565,0.22437245347106544,0.05378405970909823,46679
7,2,1,offset_32,0.021316354550025205,1.22460647464065,0.22437245347106544,0.05378405970909823,46679
7,3,1,offset_0,0.040718029565368095,2.3392162352779136,1.4679279442771314,0.3584998997805264,46679
7,3,1,offset_1,0.04700641090393936,2.700478405324466,1.4679279442771314,0.3584998997805264,46679
7,3,1,offset_2,0.03817724809840267,2.193250496727691,1.4679279442771314,0.3584998997805264,46679
7,3,1,offset_4,0.024119598395375468,1.3856504540394832,1.4679279442771314,0.3584998997805264,46679
7,3,1,offset_8,0.01237188906020744,0.7107545247059114,1.4679279442771314,0.3584998997805264,46679
7,3,1,offset_16,0.0045685086100228115,0.2624569416949802,1.4679279442771314,0.3584998997805264,46679
7,3,1,offset_32,0.01543659674333706,0.8868193796431756,1.4679279442771314,0.3584998997805264,46679
7,4,1,offset_0,0.014209489152428267,0.8163230901683027,1.0431271918119118,0.2552806086469517,46679
7,4,1,offset_1,0.033844088094096655,1.9443141326569036,1.0431271918119118,0.2552806086469517,46679
7,4,1,offset_2,0.03383169586120359,1.9436022093962688,1.0431271918119118,0.2552806086469517,46679
7,4,1,offset_4,0.02392581265801806,1.3745176279221483,1.0431271918119118,0.2552806086469517,46679
7,4,1,offset_8,0.011565355497547704,0.6644198561522334,1.0431271918119118,0.2552806086469517,46679
7,4,1,offset_16,0.003670185431796808,0.2108490376420787,1.0431271918119118,0.2552806086469517,46679
7,4,1,offset_32,0.016029346670669156,0.9208723598162231,1.0431271918119118,0.2552806086469517,46679
7,5,1,offset_0,0.023958836475329773,1.376414818194639,2.3379007189161567,0.5693574714301817,46679
7,5,1,offset_1,0.05517569831087486,3.1697970324028333,2.3379007189161567,0.5693574714301817,46679
7,5,1,offset_2,0.04533744215649094,2.6045975674775548,2.3379007189161567,0.5693574714301817,46679
7,5,1,offset_4,0.029337157463738283,1.685394793623551,2.3379007189161567,0.5693574714301817,46679
7,5,1,offset_8,0.01720800722692781,0.988585408274417,2.3379007189161567,0.5693574714301817,46679
7,5,1,offset_16,0.010411745253270684,0.598145926853579,2.3379007189161567,0.5693574714301817,46679
7,5,1,offset_32,0.01479150226416905,0.8497592493995102,2.3379007189161567,0.5693574714301817,46679
7,6,1,offset_0,0.015615490761947766,0.8970966891592578,1.957045763685992,0.4727166673681678,46679
7,6,1,offset_1,0.012376374359321108,0.7110122013326727,1.957045763685992,0.4727166673681678,46679
7,6,1,offset_2,0.010557486745231721,0.606518651854959,1.957045763685992,0.4727166673681678,46679
7,6,1,offset_4,0.00930171409962797,0.5343755793200187,1.957045763685992,0.4727166673681678,46679
7,6,1,offset_8,0.008351771028921416,0.47980215626134237,1.957045763685992,0.4727166673681678,46679
7,6,1,offset_16,0.0073231440876053615,0.4207084116264766,1.957045763685992,0.4727166673681678,46679
7,6,1,offset_32,0.02000811317972079,1.1494491184094153,1.957045763685992,0.4727166673681678,46679
7,7,1,offset_0,0.011670393292691999,0.6704541883225777,1.008164603421516,0.24197563926999738,46679
7,7,1,offset_1,0.012440719627616338,0.7147087823771429,1.008164603421516,0.24197563926999738,46679
7,7,1,offset_2,0.0101381255497877,0.5824267071489077,1.008164603421516,0.24197563926999738,46679
7,7,1,offset_4,0.00845766797801646,0.4858858460968695,1.008164603421516,0.24197563926999738,46679
7,7,1,offset_8,0.00671789723674231,0.3859374938045134,1.008164603421516,0.24197563926999738,46679
7,7,1,offset_16,0.004337411496588003,0.2491806086935338,1.008164603421516,0.24197563926999738,46679
7,7,1,offset_32,0.020572467266134167,1.1818707816253198,1.008164603421516,0.24197563926999738,46679
7,8,1,offset_0,0.031045476074297373,1.783536247704277,1.4076524168767617,0.3452428945192606,46679
7,8,1,offset_1,0.1235198166525434,7.096108617641273,1.4076524168767617,0.3452428945192606,46679
7,8,1,offset_2,0.06854775264106795,3.938010202885196,1.4076524168767617,0.3452428945192606,46679
7,8,1,offset_4,0.03310518691656645,1.9018648872195771,1.4076524168767617,0.3452428945192606,46679
7,8,1,offset_8,0.013901369522115289,0.798621878952302,1.4076524168767617,0.3452428945192606,46679
7,8,1,offset_16,0.004265178612313911,0.24503089080643303,1.4076524168767617,0.3452428945192606,46679
7,8,1,offset_32,0.011613248830313784,0.6671712874656797,1.4076524168767617,0.3452428945192606,46679
7,9,1,offset_0,0.023731174228353254,1.3633358153555557,1.304535847434488,0.31847940582715156,46679
7,9,1,offset_1,0.04148607146088961,2.383339590227919,1.304535847434488,0.31847940582715156,46679
7,9,1,offset_2,0.03791690281920759,2.178293881430445,1.304535847434488,0.31847940582715156,46679
7,9,1,offset_4,0.027237706187890568,1.5647830999325842,1.304535847434488,0.31847940582715156,46679
7,9,1,offset_8,0.014529627843451487,0.8347147862198002,1.304535847434488,0.31847940582715156,46679
7,9,1,offset_16,0.004678020792514326,0.26874832362036566,1.304535847434488,0.31847940582715156,46679
7,9,1,offset_32,0.015525685809868205,0.8919374708926759,1.304535847434488,0.31847940582715156,46679
7,10,1,offset_0,0.004981095428032242,0.28615970416780345,0.5210055204422618,0.12486696215695901,46679
7,10,1,offset_1,0.0038520796929928003,0.22129870854794786,0.5210055204422618,0.12486696215695901,46679
7,10,1,offset_2,0.0028526234045670074,0.16388079316029583,0.5210055204422618,0.12486696215695901,46679
7,10,1,offset_4,0.00241994765954767,0.13902393888311732,0.5210055204422618,0.12486696215695901,46679
7,10,1,offset_8,0.0024976660801587316,0.14348879617641275,0.5210055204422618,0.12486696215695901,46679
7,10,1,offset_16,0.002666522806267751,0.15318947175836792,0.5210055204422618,0.12486696215695901,46679
7,10,1,offset_32,0.021282995172898188,1.2226900067416078,0.5210055204422618,0.12486696215695901,46679
7,11,1,offset_0,0.007702508073069437,0.4425025505705691,0.7706294445232259,0.18382317552174052,46679
7,11,1,offset_1,0.006071029750436873,0.34877550580580924,0.7706294445232259,0.18382317552174052,46679
7,11,1,offset_2,0.005194426232300194,0.2984153777884377,0.7706294445232259,0.18382317552174052,46679
7,11,1,offset_4,0.004785159117651752,0.27490332945579316,0.7706294445232259,0.18382317552174052,46679
7,11,1,offset_8,0.003983981349741957,0.22887634676426544,0.7706294445232259,0.18382317552174052,46679
7,11,1,offset_16,0.0031171888922701366,0.1790798558540307,0.7706294445232259,0.18382317552174052,46679
7,11,1,offset_32,0.021301255078893574,1.2237390228412321,0.7706294445232259,0.18382317552174052,46679
8,0,1,offset_0,0.025302343392661495,1.4535981501676467,1.9658577976981662,0.4757139581138833,46679
8,0,1,offset_1,0.017991644773291845,1.0336047201270515,1.9658577976981662,0.4757139581138833,46679
8,0,1,offset_2,0.014751370576967985,0.8474537180353483,1.9658577976981662,0.4757139581138833,46679
8,0,1,offset_4,0.011745899597342303,0.6747919614316689,1.9658577976981662,0.4757139581138833,46679
8,0,1,offset_8,0.009106656562056512,0.5231696893599463,1.9658577976981662,0.4757139581138833,46679
8,0,1,offset_16,0.0071993920580575455,0.4135989625751144,1.9658577976981662,0.4757139581138833,46679
8,0,1,offset_32,0.019183590868517703,1.102081011521562,1.9658577976981662,0.4757139581138833,46679
8,1,1,offset_0,0.008558331297411475,0.49166886834866486,0.656165345010516,0.15724950191449286,46679
8,1,1,offset_1,0.004423689415294382,0.25413720188672717,0.656165345010516,0.15724950191449286,46679
8,1,1,offset_2,0.00418131684206679,0.24021310329129106,0.656165345010516,0.15724950191449286,46679
8,1,1,offset_4,0.00451519981957888,0.2593943969348198,0.656165345010516,0.15724950191449286,46679
8,1,1,offset_8,0.004407651145160594,0.2532158168815294,0.656165345010516,0.15724950191449286,46679
8,1,1,offset_16,0.0031748896739612308,0.18239471678322539,0.656165345010516,0.15724950191449286,46679
8,1,1,offset_32,0.020887450097996377,1.199966277944537,0.656165345010516,0.15724950191449286,46679
8,2,1,offset_0,0.01702533365215449,0.9780909664650459,2.730117696886371,0.661317300430905,46679
8,2,1,offset_1,0.016680336559957397,0.9582711763670125,2.730117696886371,0.661317300430905,46679
8,2,1,offset_2,0.01544266547557044,0.8871680231585767,2.730117696886371,0.661317300430905,46679
8,2,1,offset_4,0.01428644855395507,0.8207443424594963,2.730117696886371,0.661317300430905,46679
8,2,1,offset_8,0.013428055530174038,0.771430391884989,2.730117696886371,0.661317300430905,46679
8,2,1,offset_16,0.012264263635226353,0.7045715353979374,2.730117696886371,0.661317300430905,46679
8,2,1,offset_32,0.019017802570413946,1.0925566145238927,2.730117696886371,0.661317300430905,46679
8,3,1,offset_0,0.017306927001646554,0.9942682653645578,1.7401574925562242,0.42155160424791,46679
8,3,1,offset_1,0.014648807315469357,0.8415615457224548,1.7401574925562242,0.42155160424791,46679
8,3,1,offset_2,0.013263875067875151,0.7619983636895078,1.7401574925562242,0.42155160424791,46679
8,3,1,offset_4,0.01153218497775711,0.6625142379468585,1.7401574925562242,0.42155160424791,46679
8,3,1,offset_8,0.009579632355442295,0.5503417472073255,1.7401574925562242,0.42155160424791,46679
8,3,1,offset_16,0.007421937205900682,0.42638399241260333,1.7401574925562242,0.42155160424791,46679
8,3,1,offset_32,0.01948635413221911,1.1194745040224474,1.7401574925562242,0.42155160424791,46679
8,4,1,offset_0,0.03251010826825739,1.867678124003124,1.0378142013388607,0.2541123401578028,46679
8,4,1,offset_1,0.06460770293373576,3.711657691686263,1.0378142013388607,0.2541123401578028,46679
8,4,1,offset_2,0.04211439460802952,2.4194362216828136,1.0378142013388607,0.2541123401578028,46679
8,4,1,offset_4,0.02229759961568619,1.2809781707389498,1.0378142013388607,0.2541123401578028,46679
8,4,1,offset_8,0.009384218456323775,0.5391153845788699,1.0378142013388607,0.2541123401578028,46679
8,4,1,offset_16,0.002696873713526553,0.1549331056172025,1.0378142013388607,0.2541123401578028,46679
8,4,1,offset_32,0.015583819253522741,0.8952771878844079,1.0378142013388607,0.2541123401578028,46679
8,5,1,offset_0,0.03742555817502792,2.150066548697245,1.963563661914374,0.48096196324480694,46679
8,5,1,offset_1,0.10232241197832732,5.878335712395977,1.963563661914374,0.48096196324480694,46679
8,5,1,offset_2,0.07672535259274511,4.407806378602919,1.963563661914374,0.48096196324480694,46679
8,5,1,offset_4,0.04561798950286738,2.6207147743859673,1.963563661914374,0.48096196324480694,46679
8,5,1,offset_8,0.02181105336616699,1.2530265017059052,1.963563661914374,0.48096196324480694,46679
8,5,1,offset_16,0.0071019054591300815,0.4079984402176399,1.963563661914374,0.48096196324480694,46679
8,5,1,offset_32,0.010132480168631275,0.5821023847935186,1.963563661914374,0.48096196324480694,46679
8,6,1,offset_0,0.020967168318214303,1.204546022027729,1.2720121281846912,0.30663803607987133,46679
8,6,1,offset_1,0.03099621879081389,1.7807064585798975,1.2720121281846912,0.30663803607987133,46679
8,6,1,offset_2,0.017975744249590232,1.0326912485374569,1.2720121281846912,0.30663803607987133,46679
8,6,1,offset_4,0.011951354936416051,0.686595196261937,1.2720121281846912,0.30663803607987133,46679
8,6,1,offset_8,0.00834109517700405,0.4791888376308218,1.2720121281846912,0.30663803607987133,46679
8,6,1,offset_16,0.005482242786099733,0.3149501944928848,1.2720121281846912,0.30663803607987133,46679
8,6,1,offset_32,0.019198471655114818,1.102935900080101,1.2720121281846912,0.30663803607987133,46679
8,7,1,offset_0,0.05137350521087089,2.951364266276162,1.3248752216364195,0.32464495018155304,46679
8,7,1,offset_1,0.19163272212264176,11.00913721967165,1.3248752216364195,0.32464495018155304,46679
8,7,1,offset_2,0.09836899712572646,5.651215384946282,1.3248752216364195,0.32464495018155304,46679
8,7,1,offset_4,0.03835964346935792,2.2037289559638653,1.3248752216364195,0.32464495018155304,46679
8,7,1,offset_8,0.010032821032734833,0.5763770520313213,1.3248752216364195,0.32464495018155304,46679
8,7,1,offset_16,0.0018662950068453633,0.10721706395006671,1.3248752216364195,0.32464495018155304,46679
8,7,1,offset_32,0.00955290637701744,0.5488063624330023,1.3248752216364195,0.32464495018155304,46679
8,8,1,offset_0,0.025442623900530276,1.4616571462684498,2.0194378361379175,0.4908484852628797,46679
8,8,1,offset_1,0.041805208378170186,2.401673735228251,2.0194378361379175,0.4908484852628797,46679
8,8,1,offset_2,0.032452502251301675,1.8643687072275361,2.0194378361379175,0.4908484852628797,46679
8,8,1,offset_4,0.02347560896961515,1.348653808176072,2.0194378361379175,0.4908484852628797,46679
8,8,1,offset_8,0.016092292768965035,0.9244885597319075,2.0194378361379175,0.4908484852628797,46679
8,8,1,offset_16,0.009566489509357833,0.5495867018559983,2.0194378361379175,0.4908484852628797,46679
8,8,1,offset_32,0.01642313902259822,0.9434953961662979,2.0194378361379175,0.4908484852628797,46679
8,9,1,offset_0,0.02860667566579061,1.6434292343965018,1.8159616875003086,0.4407756930631461,46679
8,9,1,offset_1,0.025405469299809937,1.4595226459955237,1.8159616875003086,0.4407756930631461,46679
8,9,1,offset_2,0.020020439362499972,1.1501572471470738,1.8159616875003086,0.4407756930631461,46679
8,9,1,offset_4,0.014766453851107933,0.8483202393313426,1.8159616875003086,0.4407756930631461,46679
8,9,1,offset_8,0.01050731855237198,0.6036365317601331,1.8159616875003086,0.4407756930631461,46679
8,9,1,offset_16,0.006874172531647119,0.3949153768434583,1.8159616875003086,0.4407756930631461,46679
8,9,1,offset_32,0.018101510429773374,1.039916408833119,1.8159616875003086,0.4407756930631461,46679
8,10,1,offset_0,0.057877874015250665,3.3250347328937626,2.0292443471650015,0.4945291407882192,46679
8,10,1,offset_1,0.033942448620412916,1.9499648614010365,2.0292443471650015,0.4945291407882192,46679
8,10,1,offset_2,0.027008215524287296,1.5515990561103343,2.0292443471650015,0.4945291407882192,46679
8,10,1,offset_4,0.02003637457788204,1.1510727117442627,2.0292443471650015,0.4945291407882192,46679
8,10,1,offset_8,0.013574854889424316,0.7798638904641716,2.0292443471650015,0.4945291407882192,46679
8,10,1,offset_16,0.007980496523701084,0.45847275109054664,2.0292443471650015,0.4945291407882192,46679
8,10,1,offset_32,0.015725577700732015,0.9034210903457824,2.0292443471650015,0.4945291407882192,46679
8,11,1,offset_0,0.015159085364464083,0.8708765864907742,1.805542659473431,0.4401959118410928,46679
8,11,1,offset_1,0.021030032026102173,1.20815748868441,1.805542659473431,0.4401959118410928,46679
8,11,1,offset_2,0.019178778858760008,1.1018045656456277,1.805542659473431,0.4401959118410928,46679
8,11,1,offset_4,0.0145462522505006,0.8356698442932446,1.805542659473431,0.4401959118410928,46679
8,11,1,offset_8,0.011081754080973637,0.6366373652721832,1.805542659473431,0.4401959118410928,46679
8,11,1,offset_16,0.007533323823036309,0.4327830590171906,1.805542659473431,0.4401959118410928,46679
8,11,1,offset_32,0.017902845364104393,1.0285032694460723,1.805542659473431,0.4401959118410928,46679
9,0,1,offset_0,0.02492843407865085,1.4321173774683889,1.8569904994428235,0.45056457074739414,46679
9,0,1,offset_1,0.029198329583366076,1.677419249739372,1.8569904994428235,0.45056457074739414,46679
9,0,1,offset_2,0.021045575929657306,1.209050472749304,1.8569904994428235,0.45056457074739414,46679
9,0,1,offset_4,0.014316989476779708,0.8224988925512946,1.8569904994428235,0.45056457074739414,46679
9,0,1,offset_8,0.010331017100239008,0.5935081629875124,1.8569904994428235,0.45056457074739414,46679
9,0,1,offset_16,0.007961453240875188,0.45737873065697404,1.8569904994428235,0.45056457074739414,46679
9,0,1,offset_32,0.018176128964284305,1.0442031803012815,1.8569904994428235,0.45056457074739414,46679
9,1,1,offset_0,0.009524266457423937,0.5471610233631776,0.8334198970499156,0.19948160263538484,46679
9,1,1,offset_1,0.006869209747524837,0.3946302691082624,0.8334198970499156,0.19948160263538484,46679
9,1,1,offset_2,0.00468506857077499,0.269153212498977,0.8334198970499156,0.19948160263538484,46679
9,1,1,offset_4,0.0036803790371631676,0.21143465161759598,0.8334198970499156,0.19948160263538484,46679
9,1,1,offset_8,0.0033202909000517116,0.19074789379917445,0.8334198970499156,0.19948160263538484,46679
9,1,1,offset_16,0.0028376822379549142,0.16302243582114975,0.8334198970499156,0.19948160263538484,46679
9,1,1,offset_32,0.02140918835778527,1.2299396980950508,0.8334198970499156,0.19948160263538484,46679
9,2,1,offset_0,0.015013419364216829,0.8625081984242704,1.777795776027346,0.43069466978270593,46679
9,2,1,offset_1,0.017277031198820122,0.9925507768690502,1.777795776027346,0.43069466978270593,46679
9,2,1,offset_2,0.015448904327505512,0.8875264399064349,1.777795776027346,0.43069466978270593,46679
9,2,1,offset_4,0.011867529818740567,0.6817795144059232,1.777795776027346,0.43069466978270593,46679
9,2,1,offset_8,0.009540994989216397,0.5481220633147417,1.777795776027346,0.43069466978270593,46679
9,2,1,offset_16,0.0074393435757821175,0.4273839735870003,1.777795776027346,0.43069466978270593,46679
9,2,1,offset_32,0.019453592073128412,1.1175923515375619,1.777795776027346,0.43069466978270593,46679
9,3,1,offset_0,0.04932013113021122,2.8333996683364004,1.6777025270995527,0.41068701419863113,46679
9,3,1,offset_1,0.18481842823295339,10.6176618199811,1.6777025270995527,0.41068701419863113,46679
9,3,1,offset_2,0.09262870692266091,5.321440585390696,1.6777025270995527,0.41068701419863113,46679
9,3,1,offset_4,0.03827824246346814,2.1990525372722476,1.6777025270995527,0.41068701419863113,46679
9,3,1,offset_8,0.013445092445872978,0.7724091482302106,1.6777025270995527,0.41068701419863113,46679
9,3,1,offset_16,0.0035679253035582883,0.20497428007766552,1.6777025270995527,0.41068701419863113,46679
9,3,1,offset_32,0.009515231539583517,0.5466419750024808,1.6777025270995527,0.41068701419863113,46679
9,4,1,offset_0,0.013294871186167168,0.7637790643745171,1.078024839562628,0.25942577801828937,46679
9,4,1,offset_1,0.0061487769318159715,0.35324201538081496,1.078024839562628,0.25942577801828937,46679
9,4,1,offset_2,0.004730298933391277,0.27175165843776367,1.078024839562628,0.25942577801828937,46679
9,4,1,offset_4,0.0038316377278298144,0.2201243350013725,1.078024839562628,0.25942577801828937,46679
9,4,1,offset_8,0.0034266056145046803,0.19685558389989685,1.078024839562628,0.25942577801828937,46679
9,4,1,offset_16,0.0032873877191043465,0.18885763398341396,1.078024839562628,0.25942577801828937,46679
9,4,1,offset_32,0.021061958800847217,1.2099916547926637,1.078024839562628,0.25942577801828937,46679
9,5,1,offset_0,0.032702664143002574,1.878740295557348,1.5938534467816086,0.3863086571195506,46679
9,5,1,offset_1,0.018489899199176787,1.0622290139538932,1.5938534467816086,0.3863086571195506,46679
9,5,1,offset_2,0.013373972639124685,0.7683233757021378,1.5938534467816086,0.3863086571195506,46679
9,5,1,offset_4,0.009282189631799888,0.5332539152165215,1.5938534467816086,0.3863086571195506,46679
9,5,1,offset_8,0.006578206596708269,0.3779123851101105,1.5938534467816086,0.3863086571195506,46679
9,5,1,offset_16,0.004864172252155984,0.27944256696324127,1.5938534467816086,0.3863086571195506,46679
9,5,1,offset_32,0.019319974865851533,1.1099161563996613,1.5938534467816086,0.3863086571195506,46679
9,6,1,offset_0,0.004720943671443489,0.2712142065800206,0.8973233013072733,0.21590156080187248,46679
9,6,1,offset_1,0.0038527881020122066,0.22133940604478405,0.8973233013072733,0.21590156080187248,46679
9,6,1,offset_2,0.00362076094279448,0.20800964270257274,0.8973233013072733,0.21590156080187248,46679
9,6,1,offset_4,0.003376996396996909,0.19400557646455882,0.8973233013072733,0.21590156080187248,46679
9,6,1,offset_8,0.003208991527109512,0.1843538392994429,0.8973233013072733,0.21590156080187248,46679
9,6,1,offset_16,0.0030212386085007713,0.17356759349829717,0.8973233013072733,0.21590156080187248,46679
9,6,1,offset_32,0.02131899566470851,1.2247582044373118,0.8973233013072733,0.21590156080187248,46679
9,7,1,offset_0,0.01818692596946823,1.0448234590841257,1.8045180419194542,0.4385170923320072,46679
9,7,1,offset_1,0.023263742897772173,1.3364822821899232,1.8045180419194542,0.4385170923320072,46679
9,7,1,offset_2,0.01938270806325136,1.1135201253395874,1.8045180419194542,0.4385170923320072,46679
9,7,1,offset_4,0.017132072630721626,0.9842230301789932,1.8045180419194542,0.4385170923320072,46679
9,7,1,offset_8,0.013652699591059338,0.7843360024951006,1.8045180419194542,0.4385170923320072,46679
9,7,1,offset_16,0.008615411620884568,0.4949480844799076,1.8045180419194542,0.4385170923320072,46679
9,7,1,offset_32,0.018058742396308718,1.0374594216139603,1.8045180419194542,0.4385170923320072,46679
9,8,1,offset_0,0.013578117519629392,0.7800513257999894,1.994080721445669,0.48398379389265456,46679
9,8,1,offset_1,0.01933388909792575,1.1107155172213137,1.994080721445669,0.48398379389265456,46679
9,8,1,offset_2,0.015723262526525714,0.903288085552852,1.994080721445669,0.48398379389265456,46679
9,8,1,offset_4,0.011960396577964834,0.687114630893972,1.994080721445669,0.48398379389265456,46679
9,8,1,offset_8,0.010305954720554194,0.5920683505486689,1.994080721445669,0.48398379389265456,46679
9,8,1,offset_16,0.008838301685916752,0.5077529295171265,1.994080721445669,0.48398379389265456,46679
9,8,1,offset_32,0.01859440122633515,1.068232566708229,1.994080721445669,0.48398379389265456,46679
9,9,1,offset_0,0.006564483918088746,0.3771240288718314,0.9128082907429073,0.2194285028667522,46679
9,9,1,offset_1,0.003499010848485242,0.2010152031313363,0.9128082907429073,0.2194285028667522,46679
9,9,1,offset_2,0.004207746276102366,0.2417314518421701,0.9128082907429073,0.2194285028667522,46679
9,9,1,offset_4,0.003475536470968903,0.19966662006910565,0.9128082907429073,0.2194285028667522,46679
9,9,1,offset_8,0.0031737734561861344,0.1823305910195408,0.9128082907429073,0.2194285028667522,46679
9,9,1,offset_16,0.0031256278395192013,0.17956466621014025,0.9128082907429073,0.2194285028667522,46679
9,9,1,offset_32,0.0214697400362657,1.2334183406248265,0.9128082907429073,0.2194285028667522,46679
9,10,1,offset_0,0.03254860873174508,1.8698899429496068,1.1714758486809091,0.28664054809064343,46679
9,10,1,offset_1,0.0777063823102227,4.464165703130879,1.1714758486809091,0.28664054809064343,46679
9,10,1,offset_2,0.052412902739384176,3.0110767720029608,1.1714758486809091,0.28664054809064343,46679
9,10,1,offset_4,0.030413606147668228,1.7472358567783883,1.1714758486809091,0.28664054809064343,46679
9,10,1,offset_8,0.012169109330916772,0.6991050013865061,1.1714758486809091,0.28664054809064343,46679
9,10,1,offset_16,0.0030274991412205157,0.17392725578883125,1.1714758486809091,0.28664054809064343,46679
9,10,1,offset_32,0.013997040534290756,0.804118097392024,1.1714758486809091,0.28664054809064343,46679
9,11,1,offset_0,0.006643093151844129,0.3816400626241068,1.1010978862832543,0.2630598396712087,46679
9,11,1,offset_1,0.004745106208858625,0.2726023238442968,1.1010978862832543,0.2630598396712087,46679
9,11,1,offset_2,0.00470519905112568,0.27030969150748796,1.1010978862832543,0.2630598396712087,46679
9,11,1,offset_4,0.004490943421038449,0.25800088742856886,1.1010978862832543,0.2630598396712087,46679
9,11,1,offset_8,0.004193467770980211,0.2409111638431248,1.1010978862832543,0.2630598396712087,46679
9,11,1,offset_16,0.004018857904949283,0.2308799752561739,1.1010978862832543,0.2630598396712087,46679
9,11,1,offset_32,0.021852351569546798,1.2553990484343458,1.1010978862832543,0.2630598396712087,46679
10,0,1,offset_0,0.01140435328825997,0.6551704158944022,1.8197279395218955,0.44105090889626786,46679
10,0,1,offset_1,0.012705322155219924,0.7299099729817178,1.8197279395218955,0.44105090889626786,46679
10,0,1,offset_2,0.011654329351224551,0.6695313285210521,1.8197279395218955,0.44105090889626786,46679
10,0,1,offset_4,0.009920190723304755,0.5699065363601185,1.8197279395218955,0.44105090889626786,46679
10,0,1,offset_8,0.008903381222640824,0.5114916936595544,1.8197279395218955,0.44105090889626786,46679
10,0,1,offset_16,0.007771617084880029,0.446472804636322,1.8197279395218955,0.44105090889626786,46679
10,0,1,offset_32,0.019743445888841357,1.1342442072096168,1.8197279395218955,0.44105090889626786,46679
10,1,1,offset_0,0.009451919786619231,0.54300476853648,1.1156256740033765,0.2684154457212443,46679
10,1,1,offset_1,0.00509810751991311,0.29288194952135466,1.1156256740033765,0.2684154457212443,46679
10,1,1,offset_2,0.005200263200273982,0.29875070664385694,1.1156256740033765,0.2684154457212443,46679
10,1,1,offset_4,0.004679391883299902,0.2688270916221549,1.1156256740033765,0.2684154457212443,46679
10,1,1,offset_8,0.00436685246820841,0.2508719675223359,1.1156256740033765,0.2684154457212443,46679
10,1,1,offset_16,0.0039141837546253855,0.22486653417208377,1.1156256740033765,0.2684154457212443,46679
10,1,1,offset_32,0.02119067935316455,1.217386541259634,1.1156256740033765,0.2684154457212443,46679
10,2,1,offset_0,0.01158794903512517,0.6657178357076715,1.3792262244396993,0.33193354110422124,46679
10,2,1,offset_1,0.006626617573941782,0.38069355465881133,1.3792262244396993,0.33193354110422124,46679
10,2,1,offset_2,0.005982590946209673,0.34369477157369926,1.3792262244396993,0.33193354110422124,46679
10,2,1,offset_4,0.0053557587914582,0.3076837963659006,1.3792262244396993,0.33193354110422124,46679
10,2,1,offset_8,0.004846563202155644,0.278430941988057,1.3792262244396993,0.33193354110422124,46679
10,2,1,offset_16,0.004475551783962455,0.2571166509436508,1.3792262244396993,0.33193354110422124,46679
10,2,1,offset_32,0.0212859353622916,1.2228589181264973,1.3792262244396993,0.33193354110422124,46679
10,3,1,offset_0,0.018378196043755457,1.055811762493484,2.0119373928621846,0.48619917101637067,46679
10,3,1,offset_1,0.0169813907793415,0.9755664857225808,2.0119373928621846,0.48619917101637067,46679
10,3,1,offset_2,0.013913817973471682,0.7993370319159343,2.0119373928621846,0.48619917101637067,46679
10,3,1,offset_4,0.011725500614657871,0.673620057192001,2.0119373928621846,0.48619917101637067,46679
10,3,1,offset_8,0.00972842259515899,0.558889620179357,2.0119373928621846,0.48619917101637067,46679
10,3,1,offset_16,0.008276015456919819,0.4754500629545085,2.0119373928621846,0.48619917101637067,46679
10,3,1,offset_32,0.02016387143757905,1.1583972981089197,2.0119373928621846,0.48619917101637067,46679
10,4,1,offset_0,0.02302726611915633,1.3228968919903226,2.2021283004251355,0.5338201571154569,46679
10,4,1,offset_1,0.024128052327294227,1.3861361252521471,2.2021283004251355,0.5338201571154569,46679
10,4,1,offset_2,0.019284144668944802,1.1078577420016151,2.2021283004251355,0.5338201571154569,46679
10,4,1,offset_4,0.01549091043565459,0.8899396551629694,2.2021283004251355,0.5338201571154569,46679
10,4,1,offset_8,0.012452420409665602,0.7153809823737352,2.2021283004251355,0.5338201571154569,46679
10,4,1,offset_16,0.010109853865555744,0.5808025228880296,2.2021283004251355,0.5338201571154569,46679
10,4,1,offset_32,0.018755523142028586,1.0774888839974561,2.2021283004251355,0.5338201571154569,46679
10,5,1,offset_0,0.025574534086434026,1.4692352744774586,1.0517261555154431,0.25708295058143704,46679
10,5,1,offset_1,0.0316342140158503,1.8173587426998614,1.0517261555154431,0.25708295058143704,46679
10,5,1,offset_2,0.02843043142489779,1.6333041523610643,1.0517261555154431,0.25708295058143704,46679
10,5,1,offset_4,0.021221459248154634,1.2191548200994873,1.0517261555154431,0.25708295058143704,46679
10,5,1,offset_8,0.011044658047143803,0.6345062296174027,1.0517261555154431,0.25708295058143704,46679
10,5,1,offset_16,0.0037237764725672647,0.21392779744391147,1.0517261555154431,0.25708295058143704,46679
10,5,1,offset_32,0.0164834457951308,0.9469599690572564,1.0517261555154431,0.25708295058143704,46679
10,6,1,offset_0,0.010388506399705275,0.5968108744424062,1.373925049439358,0.33179557712348323,46679
10,6,1,offset_1,0.008561392648242478,0.4918447403552969,1.373925049439358,0.33179557712348323,46679
10,6,1,offset_2,0.008319614791591013,0.4779548077223377,1.373925049439358,0.33179557712348323,46679
10,6,1,offset_4,0.00669972606874017,0.3848935756272763,1.373925049439358,0.33179557712348323,46679
10,6,1,offset_8,0.005678159831266778,0.3262054624347358,1.373925049439358,0.33179557712348323,46679
10,6,1,offset_16,0.004983703153382433,0.2863095157756201,1.373925049439358,0.33179557712348323,46679
10,6,1,offset_32,0.02076788158077101,1.1930971681249505,1.373925049439358,0.33179557712348323,46679
10,7,1,offset_0,0.030464471707087985,1.7501580399901318,2.0432599657018153,0.49450992650378095,46679
10,7,1,offset_1,0.0233519983740401,1.3415524843863897,2.0432599657018153,0.49450992650378095,46679
10,7,1,offset_2,0.016300033220671323,0.9364230723432111,2.0432599657018153,0.49450992650378095,46679
10,7,1,offset_4,0.013319989028108537,0.765222063072921,2.0432599657018153,0.49450992650378095,46679
10,7,1,offset_8,0.010781057319928794,0.6193625915947791,2.0432599657018153,0.49450992650378095,46679
10,7,1,offset_16,0.00877684605897654,0.5042223559156476,2.0432599657018153,0.49450992650378095,46679
10,7,1,offset_32,0.018943559303472145,1.088291401859033,2.0432599657018153,0.49450992650378095,46679
10,8,1,offset_0,0.01372436308939682,0.788453009643463,1.1406542635369854,0.272764029805988,46679
10,8,1,offset_1,0.005704019835834549,0.3276910977460462,1.1406542635369854,0.272764029805988,46679
10,8,1,offset_2,0.005258719381022531,0.3021089646076865,1.1406542635369854,0.272764029805988,46679
10,8,1,offset_4,0.004328145708511144,0.2486482970337263,1.1406542635369854,0.272764029805988,46679
10,8,1,offset_8,0.0038110635508151395,0.21894236599614483,1.1406542635369854,0.272764029805988,46679
10,8,1,offset_16,0.0034823815669280844,0.2000598650215424,1.1406542635369854,0.272764029805988,46679
10,8,1,offset_32,0.021567518119312203,1.2390356084975152,1.1406542635369854,0.272764029805988,46679
10,9,1,offset_0,0.06632012756527657,3.810035033187018,1.4254934288622476,0.34921427819431294,46679
10,9,1,offset_1,0.09165760156229327,5.265651406754471,1.4254934288622476,0.34921427819431294,46679
10,9,1,offset_2,0.05303098820073644,3.0465852570995526,1.4254934288622476,0.34921427819431294,46679
10,9,1,offset_4,0.029656645618965225,1.7037491169457555,1.4254934288622476,0.34921427819431294,46679
10,9,1,offset_8,0.012844574953560292,0.7379099280424786,1.4254934288622476,0.34921427819431294,46679
10,9,1,offset_16,0.004077122735632363,0.23422724032116865,1.4254934288622476,0.34921427819431294,46679
10,9,1,offset_32,0.012406624342999353,0.7127500372174727,1.4254934288622476,0.34921427819431294,46679
10,10,1,offset_0,0.008847659868668655,0.5082905491725866,1.3973848846459085,0.3379839720284762,46679
10,10,1,offset_1,0.006322829695228881,0.36324119889525386,1.3973848846459085,0.3379839720284762,46679
10,10,1,offset_2,0.006063095229132811,0.3483196742920612,1.3973848846459085,0.3379839720284762,46679
10,10,1,offset_4,0.005724572323502647,0.3288718207167239,1.3973848846459085,0.3379839720284762,46679
10,10,1,offset_8,0.004996401308269254,0.28703901399511617,1.3973848846459085,0.3379839720284762,46679
10,10,1,offset_16,0.004595873077178785,0.2640290071049289,1.3973848846459085,0.3379839720284762,46679
10,10,1,offset_32,0.020851151589007924,1.1978809594149196,1.3973848846459085,0.3379839720284762,46679
10,11,1,offset_0,0.03839679117004456,2.2058630598357123,1.487280785646832,0.3596422765054077,46679
10,11,1,offset_1,0.06409564209843119,3.6822402313577505,1.487280785646832,0.3596422765054077,46679
10,11,1,offset_2,0.03261541749192591,1.8737280495117845,1.487280785646832,0.3596422765054077,46679
10,11,1,offset_4,0.016305721397194016,0.9367498532560656,1.487280785646832,0.3596422765054077,46679
10,11,1,offset_8,0.007846854918244389,0.4507951542979259,1.487280785646832,0.3596422765054077,46679
10,11,1,offset_16,0.005352125460528918,0.3074750645881443,1.487280785646832,0.3596422765054077,46679
10,11,1,offset_32,0.017469442603826105,1.0036046487593897,1.487280785646832,0.3596422765054077,46679
11,0,1,offset_0,0.0397912440491441,2.28597319406711,3.497207947450298,0.8492842090725569,46679
11,0,1,offset_1,0.023485428327091495,1.3492179219279858,3.497207947450298,0.8492842090725569,46679
11,0,1,offset_2,0.020440159675656284,1.1742698228608612,3.497207947450298,0.8492842090725569,46679
11,0,1,offset_4,0.01826757156262052,1.049456479955202,3.497207947450298,0.8492842090725569,46679
11,0,1,offset_8,0.016244204289883577,0.9332157476595044,3.497207947450298,0.8492842090725569,46679
11,0,1,offset_16,0.015032899132431197,0.8636272945729028,3.497207947450298,0.8492842090725569,46679
11,0,1,offset_32,0.016919318559246093,0.9720004893677272,3.497207947450298,0.8492842090725569,46679
11,1,1,offset_0,0.021745259269496782,1.2492466867011218,1.9299326591188608,0.4664662501538157,46679
11,1,1,offset_1,0.012694938117608348,0.7293134188353602,1.9299326591188608,0.4664662501538157,46679
11,1,1,offset_2,0.010072410707559074,0.5786514452445185,1.9299326591188608,0.4664662501538157,46679
11,1,1,offset_4,0.008482710607934036,0.4873245239283497,1.9299326591188608,0.4664662501538157,46679
11,1,1,offset_8,0.0071918425906528,0.4131652520810314,1.9299326591188608,0.4664662501538157,46679
11,1,1,offset_16,0.006379688767236538,0.36650770431761526,1.9299326591188608,0.4664662501538157,46679
11,1,1,offset_32,0.02023499778951703,1.1624834466525842,1.9299326591188608,0.4664662501538157,46679
11,2,1,offset_0,0.011279517359466366,0.6479986977514308,1.7435539662220678,0.4217434669148152,46679
11,2,1,offset_1,0.007276023298040521,0.41800136226417295,1.7435539662220678,0.4217434669148152,46679
11,2,1,offset_2,0.006555789029795785,0.376624514920004,1.7435539662220678,0.4217434669148152,46679
11,2,1,offset_4,0.006119330930333448,0.35155036759070385,1.7435539662220678,0.4217434669148152,46679
11,2,1,offset_8,0.005630842160620615,0.3234871024214316,1.7435539662220678,0.4217434669148152,46679
11,2,1,offset_16,0.005529204301270361,0.31764809367644004,1.7435539662220678,0.4217434669148152,46679
11,2,1,offset_32,0.020797493296351843,1.1947983360493442,1.7435539662220678,0.4217434669148152,46679
11,3,1,offset_0,0.030828445439962084,1.7710680219868526,2.0380694682750633,0.49634423969683594,46679
11,3,1,offset_1,0.035971722683910794,2.0665449338120063,2.0380694682750633,0.49634423969683594,46679
11,3,1,offset_2,0.02728650097287215,1.5675863189106187,2.0380694682750633,0.49634423969683594,46679
11,3,1,offset_4,0.018879352187306058,1.0846027575371127,2.0380694682750633,0.49634423969683594,46679
11,3,1,offset_8,0.012432672892328045,0.7142465042652529,2.0380694682750633,0.49634423969683594,46679
11,3,1,offset_16,0.008495950019438958,0.4880851168811133,2.0380694682750633,0.49634423969683594,46679
11,3,1,offset_32,0.01675641775511387,0.9626419764476908,2.0380694682750633,0.49634423969683594,46679
11,4,1,offset_0,0.023982386020190673,1.3777677195570095,2.5989171445577854,0.6288972566825803,46679
11,4,1,offset_1,0.014082390747957082,0.8090213947181432,2.5989171445577854,0.6288972566825803,46679
11,4,1,offset_2,0.012115729943652906,0.6960384008989662,2.5989171445577854,0.6288972566825803,46679
11,4,1,offset_4,0.01055409559860395,0.6063238333597478,2.5989171445577854,0.6288972566825803,46679
11,4,1,offset_8,0.00929668277779833,0.5340865341517129,2.5989171445577854,0.6288972566825803,46679
11,4,1,offset_16,0.008536700847569826,0.49042621736613834,2.5989171445577854,0.6288972566825803,46679
11,4,1,offset_32,0.019980007282684183,1.1478344584821825,2.5989171445577854,0.6288972566825803,46679
11,5,1,offset_0,0.01872663797369579,1.075829455595737,1.6207854809748394,0.391204596908125,46679
11,5,1,offset_1,0.006515571304634479,0.3743140407480591,1.6207854809748394,0.391204596908125,46679
11,5,1,offset_2,0.006242215882400937,0.35861000377683466,1.6207854809748394,0.391204596908125,46679
11,5,1,offset_4,0.0056683973358080016,0.3256446153574642,1.6207854809748394,0.391204596908125,46679
11,5,1,offset_8,0.005256743667139278,0.3019954615221664,1.6207854809748394,0.391204596908125,46679
11,5,1,offset_16,0.005062513543881055,0.2908371058120438,1.6207854809748394,0.391204596908125,46679
11,5,1,offset_32,0.02093330582159957,1.2026006503411875,1.6207854809748394,0.391204596908125,46679
11,6,1,offset_0,0.008756192143251127,0.5030358059891737,1.4730948839851306,0.3553240796522181,46679
11,6,1,offset_1,0.005014062628024858,0.28805364182337145,1.4730948839851306,0.3553240796522181,46679
11,6,1,offset_2,0.005084089908044723,0.2920766496182806,1.4730948839851306,0.3553240796522181,46679
11,6,1,offset_4,0.004966909397031466,0.2853447287285352,1.4730948839851306,0.3553240796522181,46679
11,6,1,offset_8,0.004541750381543895,0.26091970418242644,1.4730948839851306,0.3553240796522181,46679
11,6,1,offset_16,0.0042465074257991365,0.2439582469900827,1.4730948839851306,0.3553240796522181,46679
11,6,1,offset_32,0.021299328571302532,1.2236283466154312,1.4730948839851306,0.3553240796522181,46679
11,7,1,offset_0,0.023918349642158075,1.3740888839959278,1.8045891875111801,0.436113642021013,46679
11,7,1,offset_1,0.009470246844471977,0.5440576424533085,1.8045891875111801,0.436113642021013,46679
11,7,1,offset_2,0.008337409005150894,0.47897707018684266,1.8045891875111801,0.436113642021013,46679
11,7,1,offset_4,0.007533318474096476,0.43278275172513764,1.8045891875111801,0.436113642021013,46679
11,7,1,offset_8,0.006496883706747632,0.3732404541123139,1.8045891875111801,0.436113642021013,46679
11,7,1,offset_16,0.005957723478836931,0.3422661566817341,1.8045891875111801,0.436113642021013,46679
11,7,1,offset_32,0.020261193348598893,1.1639883592858957,1.8045891875111801,0.436113642021013,46679
11,8,1,offset_0,0.13375299895569084,7.6839962545823495,2.971434693306393,0.7227484647528297,46679
11,8,1,offset_1,0.08778134548625577,5.0429637855225815,2.971434693306393,0.7227484647528297,46679
11,8,1,offset_2,0.053488749843882445,3.0728832749300956,2.971434693306393,0.7227484647528297,46679
11,8,1,offset_4,0.035893282034108534,2.0620385850647365,2.971434693306393,0.7227484647528297,46679
11,8,1,offset_8,0.022550657946369356,1.2955161570296683,2.971434693306393,0.7227484647528297,46679
11,8,1,offset_16,0.015826159805719175,0.9091994468987848,2.971434693306393,0.7227484647528297,46679
11,8,1,offset_32,0.009634655014043451,0.5535027522383118,2.971434693306393,0.7227484647528297,46679
11,9,1,offset_0,0.008346347391535338,0.4794905728973338,1.2587713324549952,0.303103775538124,46679
11,9,1,offset_1,0.004772148583432444,0.274155885308807,1.2587713324549952,0.303103775538124,46679
11,9,1,offset_2,0.0046391453476116165,0.2665149623098907,1.2587713324549952,0.303103775538124,46679
11,9,1,offset_4,0.004357894545922682,0.2503573424908989,1.2587713324549952,0.303103775538124,46679
11,9,1,offset_8,0.004098209222450757,0.2354386410897489,1.2587713324549952,0.303103775538124,46679
11,9,1,offset_16,0.003780062810441297,0.21716139977645804,1.2587713324549952,0.303103775538124,46679
11,9,1,offset_32,0.021328779781936185,1.225320293666853,1.2587713324549952,0.303103775538124,46679
11,10,1,offset_0,0.0488202403367933,2.80468136658381,2.301805904234208,0.5593934182515076,46679
11,10,1,offset_1,0.04082287982361374,2.34523979361262,2.301805904234208,0.5593934182515076,46679
11,10,1,offset_2,0.02710989309606674,1.5574403463006732,2.301805904234208,0.5593934182515076,46679
11,10,1,offset_4,0.01875898315559601,1.0776876588398931,2.301805904234208,0.5593934182515076,46679
11,10,1,offset_8,0.012444633543922569,0.7149336335466316,2.301805904234208,0.5593934182515076,46679
11,10,1,offset_16,0.00927245658541001,0.5326947599632604,2.301805904234208,0.5593934182515076,46679
11,10,1,offset_32,0.016482647807659623,0.9469141253544041,2.301805904234208,0.5593934182515076,46679
11,11,1,offset_0,0.038357467125261446,2.203603926842899,2.29651787046863,0.5580707972403175,46679
11,11,1,offset_1,0.040529001148157585,2.328356713164795,2.29651787046863,0.5580707972403175,46679
11,11,1,offset_2,0.027784298025612914,1.596184337038566,2.29651787046863,0.5580707972403175,46679
11,11,1,offset_4,0.020482779430836887,1.1767182916184662,2.29651787046863,0.5580707972403175,46679
11,11,1,offset_8,0.013712887659735816,0.7877937559502872,2.29651787046863,0.5580707972403175,46679
11,11,1,offset_16,0.0099554841758448,0.5719341152499108,2.29651787046863,0.5580707972403175,46679
11,11,1,offset_32,0.016814715424592834,0.9659911280736341,2.29651787046863,0.5580707972403175,46679
0,0,2,period,0.016975092123695575,0.6411064455526345,3.6702404411821536,0.8930614343336891,45679
0,0,2,comma,0.02530790364886032,0.5996858745127864,3.6702404411821536,0.8930614343336891,45679
0,0,2,articles,0.057247630109482014,0.7510119502818182,3.6702404411821536,0.8930614343336891,45679
0,0,2,other,0.9004693742368751,1.0530660875330016,3.6702404411821536,0.8930614343336891,45679
0,1,2,period,0.029319209374730853,1.107312642056815,0.4562775988465218,0.11035981367582215,45679
0,1,2,comma,0.04285244473735154,1.015414241885924,0.4562775988465218,0.11035981367582215,45679
0,1,2,articles,0.07321623436765043,0.9604985718986536,0.4562775988465218,0.11035981367582215,45679
0,1,2,other,0.8546121113623598,0.9994376912966906,0.4562775988465218,0.11035981367582215,45679
0,2,2,period,0.039126060100852116,1.4776926768321497,3.720844333715553,0.9051274781185716,45679
0,2,2,comma,0.047840483916976866,1.1336088058861848,3.720844333715553,0.9051274781185716,45679
0,2,2,articles,0.05722451500545183,0.7507087111900781,3.720844333715553,0.9051274781185716,45679
0,2,2,other,0.8558089408042607,1.0008373396732886,3.720844333715553,0.9051274781185716,45679
0,3,2,period,0.01768181967764902,0.6677977640319455,0.4029715886520389,0.0987487059477375,45679
0,3,2,comma,0.04274686004668557,1.0129123496535328,0.4029715886520389,0.0987487059477375,45679
0,3,2,articles,0.05754127908982806,0.7548642301579668,0.4029715886520389,0.0987487059477375,45679
0,3,2,other,0.8820300464689051,1.0315019663036584,0.4029715886520389,0.0987487059477375,45679
0,4,2,period,0.01823329283979728,0.6886255154353689,1.2691512896257444,0.3113285179225669,45679
0,4,2,comma,0.028880671132335636,0.6843447313855573,1.2691512896257444,0.3113285179225669,45679
0,4,2,articles,0.043471985707632804,0.5702940140312481,1.2691512896257444,0.3113285179225669,45679
0,4,2,other,0.9094140506803415,1.063526560366464,1.2691512896257444,0.3113285179225669,45679
0,5,2,period,0.008449263520185551,0.31910738766491087,1.0587005241161311,0.2566450045958496,45679
0,5,2,comma,0.010708865822386393,0.2537529640874491,1.0587005241161311,0.2566450045958496,45679
0,5,2,articles,0.08610614246954913,1.1295968385700796,1.0587005241161311,0.2566450045958496,45679
0,5,2,other,0.8947357297308044,1.0463607994243083,1.0587005241161311,0.2566450045958496,45679
0,6,2,period,0.007169085793136193,0.2707583014694607,3.4741749161400826,0.8450638519590072,45679
0,6,2,comma,0.011061277628052361,0.2621035720556813,3.4741749161400826,0.8450638519590072,45679
0,6,2,articles,0.021922420653703995,0.2875926891392783,3.4741749161400826,0.8450638519590072,45679
0,6,2,other,0.9598472157927261,1.1225063073587631,3.4741749161400826,0.8450638519590072,45679
0,7,2,period,0.06154206591130834,2.32428871907502,1.897940743752575,0.46518969011568045,45679
0,7,2,comma,0.06655232152649161,1.5769969606813932,1.897940743752575,0.46518969011568045,45679
0,7,2,articles,0.10142953158944303,1.3306191049215494,1.897940743752575,0.46518969011568045,45679
0,7,2,other,0.7704760809093729,0.9010436726386198,1.897940743752575,0.46518969011568045,45679
0,8,2,period,0.056742258758090094,2.143012100314147,3.562308164065553,0.866922208753082,45679
0,8,2,comma,0.08393752241227771,1.9889496668962598,3.562308164065553,0.866922208753082,45679
0,8,2,articles,0.1314768603586968,1.7247996663980782,3.562308164065553,0.866922208753082,45679
0,8,2,other,0.7278433584650423,0.8511862588166572,3.562308164065553,0.866922208753082,45679
0,9,2,period,0.03828116901675164,1.4457832700460351,3.943806020314588,0.9600631244754831,45679
0,9,2,comma,0.04799161929745538,1.1371900488871696,3.943806020314588,0.9600631244754831,45679
0,9,2,articles,0.08386902225424069,1.100248828657694,3.943806020314588,0.9600631244754831,45679
0,9,2,other,0.829858190014564,0.9704888832076708,3.943806020314588,0.9600631244754831,45679
0,10,2,period,0.03687118737084045,1.3925318169924903,3.647451555299092,0.8885013164357282,45679
0,10,2,comma,0.04585599490733823,1.0865851549462244,3.647451555299092,0.8885013164357282,45679
0,10,2,articles,0.0827090576378097,1.085031652205538,3.647451555299092,0.8885013164357282,45679
0,10,2,other,0.8345637598319668,0.9759918754681519,3.647451555299092,0.8885013164357282,45679
0,11,2,period,0.037103508442657064,1.4013059983338345,3.9849809578158775,0.9687705654662391,45679
0,11,2,comma,0.04907323666380634,1.1628196176269576,3.9849809578158775,0.9687705654662391,45679
0,11,2,articles,0.07403943189342636,0.9712978168301526,3.9849809578158775,0.9687705654662391,45679
0,11,2,other,0.8397838229786655,0.9820965489105195,3.9849809578158775,0.9687705654662391,45679
1,0,2,period,0.029812229899400685,1.1259327846664893,2.09041777791919,0.5113423309776298,45679
1,0,2,comma,0.03838330782471293,0.9095153766555851,2.09041777791919,0.5113423309776298,45679
1,0,2,articles,0.11167613645623896,1.465040786483962,2.09041777791919,0.5113423309776298,45679
1,0,2,other,0.8201283256757743,0.9591101617712428,2.09041777791919,0.5113423309776298,45679
1,1,2,period,0.09840775516962215,3.716612886214801,2.543825188068613,0.6224974150284672,45679
1,1,2,comma,0.08775020022096383,2.079293342044572,2.543825188068613,0.6224974150284672,45679
1,1,2,articles,0.08252718455185731,1.08264572180591,2.543825188068613,0.6224974150284672,45679
1,1,2,other,0.7313148598640802,0.8552460530758993,2.543825188068613,0.6224974150284672,45679
1,2,2,period,0.03246564207563606,1.2261454749126734,3.495579714136122,0.850902748323364,45679
1,2,2,comma,0.04328300593052997,1.0256166462116614,3.495579714136122,0.850902748323364,45679
1,2,2,articles,0.0653758260302988,0.8576429542044463,3.495579714136122,0.850902748323364,45679
1,2,2,other,0.8588755255537811,1.004423598680712,3.495579714136122,0.850902748323364,45679
1,3,2,period,0.014908554497112944,0.5630585278903923,1.964014548068889,0.4743685455568648,45679
1,3,2,comma,0.019058013282050954,0.45159099386873536,1.964014548068889,0.4743685455568648,45679
1,3,2,articles,0.1732236177507775,2.272461004116502,1.964014548068889,0.4743685455568648,45679
1,3,2,other,0.7928098149083236,0.927162159902231,1.964014548068889,0.4743685455568648,45679
1,4,2,period,0.023492825828268248,0.8872648203024438,3.421968513075933,0.837661767954228,45679
1,4,2,comma,0.034044174520492215,0.8066970244809935,3.421968513075933,0.837661767954228,45679
1,4,2,articles,0.08638079193416796,1.1331998703405264,3.421968513075933,0.837661767954228,45679
1,4,2,other,0.8560822077184357,1.001156915361697,3.421968513075933,0.837661767954228,45679
1,5,2,period,0.052140018742932434,1.969197094410339,3.387985545077506,0.8233697313042623,45679
1,5,2,comma,0.09831498174377817,2.329632142699472,3.387985545077506,0.8233697313042623,45679
1,5,2,articles,0.09553228293115161,1.2532551300689605,3.387985545077506,0.8233697313042623,45679
1,5,2,other,0.7540127167739072,0.8817903688019861,3.387985545077506,0.8233697313042623,45679
1,6,2,period,0.04115514209397487,1.5543259896216521,3.569287422406775,0.8677645172187283,45679
1,6,2,comma,0.04418891984372653,1.047082816812206,3.569287422406775,0.8677645172187283,45679
1,6,2,articles,0.09336191866581257,1.2247828684815893,3.569287422406775,0.8677645172187283,45679
1,6,2,other,0.821294019350114,0.9604733980033903,3.569287422406775,0.8677645172187283,45679
1,7,2,period,0.05203702420675206,1.965307250365854,3.89450429457677,0.9470120087701562,45679
1,7,2,comma,0.04958333394478775,1.1749066770008265,3.89450429457677,0.9470120087701562,45679
1,7,2,articles,0.08647480522739917,1.1344331983676772,3.89450429457677,0.9470120087701562,45679
1,7,2,other,0.8119048366667856,0.949493091336276,3.89450429457677,0.9470120087701562,45679
1,8,2,period,0.038719670786568405,1.4623443766937771,3.943635733000918,0.9589906026255637,45679
1,8,2,comma,0.042489397797778036,1.0068116280753119,3.943635733000918,0.9589906026255637,45679
1,8,2,articles,0.12115006538029047,1.5893259983691748,3.943635733000918,0.9589906026255637,45679
1,8,2,other,0.7976408659587841,0.9328118978877035,3.943635733000918,0.9589906026255637,45679
1,9,2,period,0.010195395280713065,0.38505438331601,3.817638859324709,0.9273942213109427,45679
1,9,2,comma,0.01603971199034505,0.3800705441794448,3.817638859324709,0.9273942213109427,45679
1,9,2,articles,0.1467984405566471,1.9257982021253426,3.817638859324709,0.9273942213109427,45679
1,9,2,other,0.8269664519647165,0.9671071010377843,3.817638859324709,0.9273942213109427,45679
1,10,2,period,0.033232895901307694,1.255122718124589,3.8796339731619995,0.9426200869211944,45679
1,10,2,comma,0.04504223366671629,1.0673025968964605,3.8796339731619995,0.9426200869211944,45679
1,10,2,articles,0.07141335696457127,0.936847243939468,3.8796339731619995,0.9426200869211944,45679
1,10,2,other,0.8503115134915561,0.9944082989559482,3.8796339731619995,0.9426200869211944,45679
1,11,2,period,0.035937713611980976,1.357276865844174,1.3841845388767162,0.3369957109679279,45679
1,11,2,comma,0.04287773723570865,1.0160135627228588,1.3841845388767162,0.3369957109679279,45679
1,11,2,articles,0.0794456053901693,1.0422195457049748,1.3841845388767162,0.3369957109679279,45679
1,11,2,other,0.8417389437298507,0.9843829913137939,1.3841845388767162,0.3369957109679279,45679
2,0,2,period,0.024726143657300984,0.9338441262553197,2.2858082911354374,0.5602886031803613,45679
2,0,2,comma,0.021822192875704787,0.5170898783251469,2.2858082911354374,0.5602886031803613,45679
2,0,2,articles,0.07471775798294106,0.9801965432654516,2.2858082911354374,0.5602886031803613,45679
2,0,2,other,0.8787339054303585,1.0276472495895437,2.2858082911354374,0.5602886031803613,45679
2,1,2,period,0.028099847063626726,1.061260400842667,3.3112640082385973,0.8039654753585527,45679
2,1,2,comma,0.0237093435788389,0.5618070400248424,3.3112640082385973,0.8039654753585527,45679
2,1,2,articles,0.11786304890871153,1.5462047609274159,3.3112640082385973,0.8039654753585527,45679
2,1,2,other,0.8303277604737151,0.9710380287315354,3.3112640082385973,0.8039654753585527,45679
2,2,2,period,0.04754352391472053,1.7955990697373245,1.122338070231993,0.2747562996272572,45679
2,2,2,comma,0.052281023530306406,1.2388300410495372,1.122338070231993,0.2747562996272572,45679
2,2,2,articles,0.0715469880649105,0.9386003043385124,1.122338070231993,0.2747562996272572,45679
2,2,2,other,0.8286284689305556,0.9690507692553879,1.122338070231993,0.2747562996272572,45679
2,3,2,period,0.021565197160056743,0.8144631438922546,1.850164956855373,0.45341627241139554,45679
2,3,2,comma,0.028563895109255232,0.6768385345443895,1.850164956855373,0.45341627241139554,45679
2,3,2,articles,0.19925581948720347,2.6139684963710126,1.850164956855373,0.45341627241139554,45679
2,3,2,other,0.7506150881995886,0.8778169661166585,1.850164956855373,0.45341627241139554,45679
2,4,2,period,0.051375600370949535,1.9403269391377798,1.507797935287104,0.369696604157208,45679
2,4,2,comma,0.06675365422221995,1.581767659012675,1.507797935287104,0.369696604157208,45679
2,4,2,articles,0.15872272008725405,2.082228720015085,1.507797935287104,0.369696604157208,45679
2,4,2,other,0.7231480267723164,0.8456952396695385,1.507797935287104,0.369696604157208,45679
2,5,2,period,0.06911687984214981,2.6103703497099127,1.7734869849370254,0.4346097483559611,45679
2,5,2,comma,0.1037720944209423,2.4589416830519917,1.7734869849370254,0.4346097483559611,45679
2,5,2,articles,0.08088534595414175,1.0611070064921018,1.7734869849370254,0.4346097483559611,45679
2,5,2,other,0.7462256806970541,0.8726837141510385,1.7734869849370254,0.4346097483559611,45679
2,6,2,period,0.19631423930337571,7.414294028806509,2.69533628068613,0.6583090927067731,45679
2,6,2,comma,0.07561410297692658,1.7917212779992584,2.69533628068613,0.6583090927067731,45679
2,6,2,articles,0.10334996252987966,1.3558125772661798,2.69533628068613,0.6583090927067731,45679
2,6,2,other,0.624721695287155,0.7305892352092032,2.69533628068613,0.6583090927067731,45679
2,7,2,period,0.029010674899582308,1.0956600725596035,3.579988621744697,0.8750839297870585,45679
2,7,2,comma,0.03021301395102241,0.7159153892899306,3.579988621744697,0.8750839297870585,45679
2,7,2,articles,0.10002424183502685,1.3121835924443204,3.579988621744697,0.8750839297870585,45679
2,7,2,other,0.8407520696034383,0.9832288780203025,3.579988621744697,0.8750839297870585,45679
2,8,2,period,0.042126671228806846,1.591018196405821,1.7894811949293523,0.43862510157576473,45679
2,8,2,comma,0.04079610233620756,0.9666879819697543,1.7894811949293523,0.43862510157576473,45679
2,8,2,articles,0.08584512829791778,1.1261726835139985,1.7894811949293523,0.43862510157576473,45679
2,8,2,other,0.8312320984153165,0.972095618967491,1.7894811949293523,0.43862510157576473,45679
2,9,2,period,0.0363687118427894,1.3735545827354627,1.75816039908681,0.4307667535249053,45679
2,9,2,comma,0.022330924628608792,0.5291445806966093,1.75816039908681,0.4307667535249053,45679
2,9,2,articles,0.04889627271984941,0.6414533678794766,1.75816039908681,0.4307667535249053,45679
2,9,2,other,0.8924040915593773,1.043634033631959,1.75816039908681,0.4307667535249053,45679
2,10,2,period,0.027222949229530894,1.0281421797789223,3.053729826912508,0.7470251790376742,45679
2,10,2,comma,0.03219532142989158,0.7628873475569057,3.053729826912508,0.7470251790376742,45679
2,10,2,articles,0.060267799920764045,0.7906325182566925,3.053729826912508,0.7470251790376742,45679
2,10,2,other,0.8803139294444584,1.0294950300408738,3.053729826912508,0.7470251790376742,45679
2,11,2,period,0.017312207731414307,0.6538384523912414,2.0782847223861425,0.5093778036155572,45679
2,11,2,comma,0.019206309850867926,0.45510496953389307,2.0782847223861425,0.5093778036155572,45679
2,11,2,articles,0.15790278726956775,2.0714723036650455,2.0782847223861425,0.5093778036155572,45679
2,11,2,other,0.8055786952898586,0.9420948997491086,2.0782847223861425,0.5093778036155572,45679
3,0,2,period,0.013610258038346545,0.5140251428643738,1.2901034489148107,0.3095971476137746,45679
3,0,2,comma,0.01240105264360795,0.29385034029857426,1.2901034489148107,0.3095971476137746,45679
3,0,2,articles,0.18797156933045678,2.465934303488632,1.2901034489148107,0.3095971476137746,45679
3,0,2,other,0.786017120153827,0.9192183511580571,1.2901034489148107,0.3095971476137746,45679
3,1,2,period,0.07869169644291868,2.9719870403886377,1.9766259942409357,0.48414881703180424,45679
3,1,2,comma,0.04887926328477319,1.1582233026950042,1.9766259942409357,0.48414881703180424,45679
3,1,2,articles,0.18965777715858506,2.4880550834608552,1.9766259942409357,0.48414881703180424,45679
3,1,2,other,0.6827712636880663,0.7984760880305255,1.9766259942409357,0.48414881703180424,45679
3,2,2,period,0.021806899326707253,0.8235916255413983,1.4536827860843367,0.3562695493745257,45679
3,2,2,comma,0.02854949821475422,0.6764973915406506,1.4536827860843367,0.3562695493745257,45679
3,2,2,articles,0.20300993440842324,2.6632174375616864,1.4536827860843367,0.3562695493745257,45679
3,2,2,other,0.74663367194317,0.8731608450314298,1.4536827860843367,0.3562695493745257,45679
3,3,2,period,0.02703359506551652,1.0209907502516333,1.0405856600316816,0.2549109517401843,45679
3,3,2,comma,0.03348167761321887,0.7933683247028851,1.0405856600316816,0.2549109517401843,45679
3,3,2,articles,0.1380901617292824,1.8115572902617476,1.0405856600316816,0.2549109517401843,45679
3,3,2,other,0.8013945689706153,0.9372017166394849,1.0405856600316816,0.2549109517401843,45679
3,4,2,period,0.026116299913289252,0.9863468242993153,2.0271557143128125,0.488070103766064,45679
3,4,2,comma,0.02056865390702363,0.4873865246574768,2.0271557143128125,0.488070103766064,45679
3,4,2,articles,0.1764147062601957,2.314323795648603,2.0271557143128125,0.488070103766064,45679
3,4,2,other,0.7769003399066742,0.9085566092038639,2.0271557143128125,0.488070103766064,45679
3,5,2,period,0.02021131669466112,0.763330491029575,2.5627870004638074,0.6261208494411931,45679
3,5,2,comma,0.024048079757304493,0.5698335958482997,2.5627870004638074,0.6261208494411931,45679
3,5,2,articles,0.15661704483434977,2.0546050913108136,2.5627870004638074,0.6261208494411931,45679
3,5,2,other,0.799123558638351,0.9345458528935676,2.5627870004638074,0.6261208494411931,45679
3,6,2,period,0.02190592239477022,0.8273314772447625,1.6996906858038945,0.4166329296053452,45679
3,6,2,comma,0.01662237311374827,0.3938770470878118,1.6996906858038945,0.4166329296053452,45679
3,6,2,articles,0.09089964323161188,1.1924811247686427,1.6996906858038945,0.4166329296053452,45679
3,6,2,other,0.8705720615785271,1.0181022709172958,1.6996906858038945,0.4166329296053452,45679
3,7,2,period,0.028642785272582127,1.0817658085754607,1.4859577673801245,0.3642398791145069,45679
3,7,2,comma,0.028291256217796434,0.6703781933672163,1.4859577673801245,0.3642398791145069,45679
3,7,2,articles,0.08569489571581379,1.1242018339912143,1.4859577673801245,0.3642398791145069,45679
3,7,2,other,0.8573710664167976,1.0026641885968552,1.4859577673801245,0.3642398791145069,45679
3,8,2,period,0.05701637343468138,2.1533647207713837,1.5739485193589133,0.3857943002990387,45679
3,8,2,comma,0.07159168214984858,1.6964076169069322,1.5739485193589133,0.3857943002990387,45679
3,8,2,articles,0.08655015072924893,1.135421630066613,1.5739485193589133,0.3857943002990387,45679
3,8,2,other,0.7848417971116152,0.9178438537314253,1.5739485193589133,0.3857943002990387,45679
3,9,2,period,0.02858628652709402,1.0796319933576037,1.6315537379809646,0.39975002565976614,45679
3,9,2,comma,0.028126065047162495,0.6664638900334486,1.6315537379809646,0.39975002565976614,45679
3,9,2,articles,0.15338491716979386,2.0122039212313574,1.6315537379809646,0.39975002565976614,45679
3,9,2,other,0.7899027318989141,0.9237624323618614,1.6315537379809646,0.39975002565976614,45679
3,10,2,period,0.019159194799071317,0.7235944987972788,1.7697344098905043,0.4330494222047061,45679
3,10,2,comma,0.022516775562580627,0.5335484294473508,1.7697344098905043,0.4330494222047061,45679
3,10,2,articles,0.1620962935618009,2.126485468979071,1.7697344098905043,0.4330494222047061,45679
3,10,2,other,0.7962277354186058,0.9311592932664967,1.7697344098905043,0.4330494222047061,45679
3,11,2,period,0.0286183679385142,1.0808436274090734,1.8253820601822774,0.4473973541547172,45679
3,11,2,comma,0.02115773231051853,0.5013450888458758,1.8253820601822774,0.4473973541547172,45679
3,11,2,articles,0.10098278787880609,1.3247584279859288,1.8253820601822774,0.4473973541547172,45679
3,11,2,other,0.8492411121945693,0.993156503683218,1.8253820601822774,0.4473973541547172,45679
4,0,2,period,0.010855902013215363,0.41000005786389837,1.30032959772986,0.31891691794350996,45679
4,0,2,comma,0.019222861585616726,0.4554971727627838,1.30032959772986,0.31891691794350996,45679
4,0,2,articles,0.14754827048923075,1.9356349628606322,1.30032959772986,0.31891691794350996,45679
4,0,2,other,0.8223729681188546,0.961735189232558,1.30032959772986,0.31891691794350996,45679
4,1,2,period,0.03417182026768456,1.2905835249811461,1.6612922004185389,0.40722765417257833,45679
4,1,2,comma,0.05234830131420412,1.2404242282738829,1.6612922004185389,0.40722765417257833,45679
4,1,2,articles,0.13630450567567412,1.7881318832573314,1.6612922004185389,0.40722765417257833,45679
4,1,2,other,0.7771753731368335,0.9088782505343876,1.6612922004185389,0.40722765417257833,45679
4,2,2,period,0.04079185236952585,1.5406054523632893,2.1483070457453235,0.5237615239551218,45679
4,2,2,comma,0.023089478075720274,0.5471189571446651,2.1483070457453235,0.5237615239551218,45679
4,2,2,articles,0.19369572535002866,2.5410275356059215,2.1483070457453235,0.5237615239551218,45679
4,2,2,other,0.7424229439786322,0.868236552267959,2.1483070457453235,0.5237615239551218,45679
4,3,2,period,0.008192552490269967,0.30941205907852876,1.6690678958071323,0.4093048168020512,45679
4,3,2,comma,0.011035379572504575,0.26148990217986545,1.6690678958071323,0.4093048168020512,45679
4,3,2,articles,0.10412413222908769,1.3659686430201576,1.6690678958071323,0.4093048168020512,45679
4,3,2,other,0.8766479363206353,1.0252077848038008,1.6690678958071323,0.4093048168020512,45679
4,4,2,period,0.021978833957597903,0.830085163206731,2.1083944485143764,0.5109956846046952,45679
4,4,2,comma,0.024555353157172184,0.5818537416745792,2.1083944485143764,0.5109956846046952,45679
4,4,2,articles,0.16830529802619343,2.207939260921099,2.1083944485143764,0.5109956846046952,45679
4,4,2,other,0.7851605152672982,0.9182165829888921,2.1083944485143764,0.5109956846046952,45679
4,5,2,period,0.01769172205555732,0.6681717518876253,1.4884225365461392,0.36476986127437144,45679
4,5,2,comma,0.016228767343296292,0.38455032354951496,1.4884225365461392,0.36476986127437144,45679
4,5,2,articles,0.17151725881958677,2.2500758687607925,1.4884225365461392,0.36476986127437144,45679
4,5,2,other,0.794562252573792,0.929211571829854,1.4884225365461392,0.36476986127437144,45679
4,6,2,period,0.01821804724710241,0.688049727824219,2.0507311505508174,0.5022255642267662,45679
4,6,2,comma,0.023357163402740463,0.5534619206573925,2.0507311505508174,0.5022255642267662,45679
4,6,2,articles,0.14646100008083887,1.9213714366966934,2.0507311505508174,0.5022255642267662,45679
4,6,2,other,0.8119637892808141,0.9495620342680193,2.0507311505508174,0.5022255642267662,45679
4,7,2,period,0.02593258359204052,0.9794083218836867,1.7582141214020524,0.4303112670954269,45679
4,7,2,comma,0.03217387780995643,0.7623792281902466,1.7582141214020524,0.4303112670954269,45679
4,7,2,articles,0.09447098116554617,1.2393322775892932,1.7582141214020524,0.4303112670954269,45679
4,7,2,other,0.8474225577220507,0.9910297705614348,1.7582141214020524,0.4303112670954269,45679
4,8,2,period,0.021485179001835143,0.8114410597336945,2.1793388860205294,0.526441452290751,45679
4,8,2,comma,0.023914630008183668,0.5666714244327847,2.1793388860205294,0.526441452290751,45679
4,8,2,articles,0.16588129541865546,2.1761396052446313,2.1793388860205294,0.526441452290751,45679
4,8,2,other,0.7887188951996482,0.9223779785238501,2.1793388860205294,0.526441452290751,45679
4,9,2,period,0.007074822945628699,0.2671982312988346,1.8376709948233088,0.4502752832823347,45679
4,9,2,comma,0.014947865455262182,0.35419858918429403,1.8376709948233088,0.4502752832823347,45679
4,9,2,articles,0.16193712220801937,2.1243973547880755,1.8376709948233088,0.4502752832823347,45679
4,9,2,other,0.816040189120083,0.954329235188758,1.8376709948233088,0.4502752832823347,45679
4,10,2,period,0.03974906410214675,1.5012219677440695,1.9486173331648136,0.4709936195351103,45679
4,10,2,comma,0.024164334093536317,0.5725883116974027,1.9486173331648136,0.4709936195351103,45679
4,10,2,articles,0.1846030872691382,2.4217443470219244,1.9486173331648136,0.4709936195351103,45679
4,10,2,other,0.7514835139483496,0.8788325583530249,1.9486173331648136,0.4709936195351103,45679
4,11,2,period,0.02974437555067891,1.1233700969351172,0.0051680183964724485,0.0012662185184647778,45679
4,11,2,comma,0.0430799275032203,1.020804581729135,0.0051680183964724485,0.0012662185184647778,45679
4,11,2,articles,0.07735928977946331,1.0148498894815954,0.0051680183964724485,0.0012662185184647778,45679
4,11,2,other,0.8498164113038064,0.9938292950067861,0.0051680183964724485,0.0012662185184647778,45679
5,0,2,period,0.010474961220899576,0.39561288425989377,0.96140024298749,0.23057417230493893,45679
5,0,2,comma,0.01906890537171776,0.45184908843111943,0.96140024298749,0.23057417230493893,45679
5,0,2,articles,0.19168973891005067,2.5147116901177218,0.96140024298749,0.23057417230493893,45679
5,0,2,other,0.7787663945687134,0.9107388920646684,0.96140024298749,0.23057417230493893,45679
5,1,2,period,0.0010498812506224795,0.03965136871919361,0.1667429140033665,0.03998299249499458,45679
5,1,2,comma,0.0034637814580680123,0.08207636798460118,0.1667429140033665,0.03998299249499458,45679
5,1,2,articles,0.218824909549722,2.8706886516855006,0.1667429140033665,0.03998299249499458,45679
5,1,2,other,0.7766614323292595,0.9082772155065011,0.1667429140033665,0.03998299249499458,45679
5,2,2,period,0.004350666840198154,0.16431372114968626,1.5005835429534997,0.36785959677681057,45679
5,2,2,comma,0.025132456165524113,0.5955285417310853,1.5005835429534997,0.36785959677681057,45679
5,2,2,articles,0.1550754681860723,2.0343816779936565,1.5005835429534997,0.36785959677681057,45679
5,2,2,other,0.8154414091914675,0.953628983903416,1.5005835429534997,0.36785959677681057,45679
5,3,2,period,0.03388746610647806,1.279844184997552,2.254146569958005,0.5518850941205553,45679
5,3,2,comma,0.03411448283589564,0.8083630219572451,2.254146569958005,0.5518850941205553,45679
5,3,2,articles,0.14494491127181783,1.9014823895678281,2.254146569958005,0.5518850941205553,45679
5,3,2,other,0.7870531394014941,0.9204299378782321,2.254146569958005,0.5518850941205553,45679
5,4,2,period,0.009592368105488436,0.3622795667752358,1.548550712841178,0.37970895472852445,45679
5,4,2,comma,0.02038992117416969,0.4831513459286214,1.548550712841178,0.37970895472852445,45679
5,4,2,articles,0.15547098839583026,2.039570371456393,1.548550712841178,0.37970895472852445,45679
5,4,2,other,0.8145467230611337,0.9525826811086774,1.548550712841178,0.37970895472852445,45679
5,5,2,period,0.012396613760188108,0.4681888573428755,0.9814627798068114,0.23596380617472948,45679
5,5,2,comma,0.012190987927229344,0.28887273152885473,0.9814627798068114,0.23596380617472948,45679
5,5,2,articles,0.18150290234271754,2.381074088299025,0.9814627798068114,0.23596380617472948,45679
5,5,2,other,0.7939094963504809,0.9284481972367119,0.9814627798068114,0.23596380617472948,45679
5,6,2,period,0.00466460502399726,0.17617037510314226,0.7302953128146192,0.17911948176536682,45679
5,6,2,comma,0.013291110118487699,0.3149407831339666,0.7302953128146192,0.17911948176536682,45679
5,6,2,articles,0.18102805561320087,2.3748447375339845,0.7302953128146192,0.17911948176536682,45679
5,6,2,other,0.8010162302022127,0.9367592632501717,0.7302953128146192,0.17911948176536682,45679
5,7,2,period,0.003371216963145465,0.12732236789525045,1.0084618169495636,0.24742967262970564,45679
5,7,2,comma,0.0039455115255419525,0.09349124931181149,1.0084618169495636,0.24742967262970564,45679
5,7,2,articles,0.17616811452424366,2.311088843560865,1.0084618169495636,0.24742967262970564,45679
5,7,2,other,0.8165151571586639,0.9548846929848829,1.0084618169495636,0.24742967262970564,45679
5,8,2,period,0.009842398892754239,0.37172259943359454,1.0853941446114062,0.26568126726990837,45679
5,8,2,comma,0.014690184812020756,0.3480926926220471,1.0853941446114062,0.26568126726990837,45679
5,8,2,articles,0.19104023850276652,2.5061911178835445,1.0853941446114062,0.26568126726990837,45679
5,8,2,other,0.7844271780386457,0.9173589718492863,1.0853941446114062,0.26568126726990837,45679
5,9,2,period,0.015487627425765458,0.5849286529123321,1.8052680424157008,0.43562995138732613,45679
5,9,2,comma,0.013519626399778143,0.320355612741643,1.8052680424157008,0.43562995138732613,45679
5,9,2,articles,0.1726099405693211,2.2644103844487953,1.8052680424157008,0.43562995138732613,45679
5,9,2,other,0.7983828058578522,0.933679569536568,1.8052680424157008,0.43562995138732613,45679
5,10,2,period,0.02185027077577049,0.8252296558592772,2.6491683003299147,0.6428801564941673,45679
5,10,2,comma,0.022547374488375786,0.5342734892480051,2.6491683003299147,0.6428801564941673,45679
5,10,2,articles,0.09658013845635738,1.2670015859500752,2.6491683003299147,0.6428801564941673,45679
5,10,2,other,0.8590222161749119,1.0045951480114184,2.6491683003299147,0.6428801564941673,45679
5,11,2,period,0.023956776368073866,0.904787062851679,2.0277931008427346,0.4926960353567069,45679
5,11,2,comma,0.0297065401876317,0.7039141913270002,2.0277931008427346,0.4926960353567069,45679
5,11,2,articles,0.17350174738633276,2.276109691051316,2.0277931008427346,0.4926960353567069,45679
5,11,2,other,0.7728349359016391,0.9038022675101762,2.0277931008427346,0.4926960353567069,45679
6,0,2,period,0.01194875943341465,0.45127452819102926,1.9294172121610806,0.47277775304287467,45679
6,0,2,comma,0.024438730231041275,0.5790902918679334,1.9294172121610806,0.47277775304287467,45679
6,0,2,articles,0.13481834687800226,1.7686354776430986,1.9294172121610806,0.47277775304287467,45679
6,0,2,other,0.8287941635084446,0.9692445430203322,1.9294172121610806,0.47277775304287467,45679
6,1,2,period,0.003727653461490291,0.1407840760765036,0.8500247528536066,0.20816412560783473,45679
6,1,2,comma,0.017881951159756177,0.42372350029538014,0.8500247528536066,0.20816412560783473,45679
6,1,2,articles,0.18906577765198704,2.4802888457464594,0.8500247528536066,0.20816412560783473,45679
6,1,2,other,0.7893246183781952,0.923086349686724,0.8500247528536066,0.20816412560783473,45679
6,2,2,period,0.0408781741678852,1.543865609122181,2.4859600950241005,0.6014899304350131,45679
6,2,2,comma,0.03116701995768792,0.7385211307347942,2.4859600950241005,0.6014899304350131,45679
6,2,2,articles,0.1619494976157054,2.1245597035009225,2.4859600950241005,0.6014899304350131,45679
6,2,2,other,0.7660053083901259,0.8958152672538354,2.4859600950241005,0.6014899304350131,45679
6,3,2,period,0.014317142324857039,0.5407223807373364,1.5629469075252285,0.38149452184641536,45679
6,3,2,comma,0.017723670378855895,0.4199729427687781,1.5629469075252285,0.38149452184641536,45679
6,3,2,articles,0.18068591056104508,2.3703562543879153,1.5629469075252285,0.38149452184641536,45679
6,3,2,other,0.7872732762403928,0.9206873798815844,1.5629469075252285,0.38149452184641536,45679
6,4,2,period,0.036639423853797634,1.3837786930896934,2.641242910121793,0.6409275517897608,45679
6,4,2,comma,0.023328253512301906,0.5527768835571151,2.641242910121793,0.6409275517897608,45679
6,4,2,articles,0.1283712399080304,1.6840581009039328,2.641242910121793,0.6409275517897608,45679
6,4,2,other,0.8116610830017257,0.9492080303161786,2.641242910121793,0.6409275517897608,45679
6,5,2,period,0.022445102509173094,0.8476949512181947,1.6859291332644744,0.41221719589146133,45679
6,5,2,comma,0.01745836396206871,0.4136863489531722,1.6859291332644744,0.41221719589146133,45679
6,5,2,articles,0.16755455649595774,2.198090541250056,1.6859291332644744,0.41221719589146133,45679
6,5,2,other,0.7925419765942018,0.9268489327635704,1.6859291332644744,0.41221719589146133,45679
6,6,2,period,0.024460034703116928,0.9237938617558109,1.874967269631896,0.45378552737635613,45679
6,6,2,comma,0.0206534602007827,0.48939606037970507,1.874967269631896,0.45378552737635613,45679
6,6,2,articles,0.1746677258839649,2.2914057615405,1.874967269631896,0.45378552737635613,45679
6,6,2,other,0.7802187799536786,0.9124374037949885,1.874967269631896,0.45378552737635613,45679
6,7,2,period,0.01283841785910332,0.4848746846374877,2.227928036309632,0.5449860020872165,45679
6,7,2,comma,0.017142277131722467,0.40619648294498156,2.227928036309632,0.5449860020872165,45679
6,7,2,articles,0.12095309492044835,1.5867420107191876,2.227928036309632,0.5449860020872165,45679
6,7,2,other,0.8490662099890257,0.99295196193359,2.227928036309632,0.5449860020872165,45679
6,8,2,period,0.0061970462733523385,0.23404681873203173,1.3169592842286786,0.32255795629683653,45679
6,8,2,comma,0.015513744458674816,0.3676074297480288,1.3169592842286786,0.32255795629683653,45679
6,8,2,articles,0.13630473759242595,1.7881349256933547,1.3169592842286786,0.32255795629683653,45679
6,8,2,other,0.841984471670282,0.9846701272842195,1.3169592842286786,0.32255795629683653,45679
6,9,2,period,0.002824476783701087,0.10667336931956053,0.3364868420839155,0.08036730366912669,45679
6,9,2,comma,0.00484046102933226,0.11469761169060311,0.3364868420839155,0.08036730366912669,45679
6,9,2,articles,0.21037324108155916,2.759814122778862,0.3364868420839155,0.08036730366912669,45679
6,9,2,other,0.7819618222059858,0.9144758281296277,0.3364868420839155,0.08036730366912669,45679
6,10,2,period,0.01759684171585092,0.6645883605929715,1.3269279391089246,0.3181998624461081,45679
6,10,2,comma,0.009177699570184088,0.2174710663168388,1.3269279391089246,0.3181998624461081,45679
6,10,2,articles,0.1920342668808972,2.5192314339537067,1.3269279391089246,0.3181998624461081,45679
6,10,2,other,0.7811911921845789,0.9135746044291925,1.3269279391089246,0.3181998624461081,45679
6,11,2,period,0.013463930092701405,0.5084987051617694,1.5911899698354355,0.3892039242906071,45679
6,11,2,comma,0.020037019636811128,0.47478913347578133,1.5911899698354355,0.3892039242906071,45679
6,11,2,articles,0.15756178550001462,2.0669988188498336,1.5911899698354355,0.3892039242906071,45679
6,11,2,other,0.8089372649733497,0.9460226244863306,1.5911899698354355,0.3892039242906071,45679
7,0,2,period,0.008491713381911289,0.32071061195181766,1.1750994323694897,0.2879557882034899,45679
7,0,2,comma,0.020812928698480265,0.49317476156435697,1.1750994323694897,0.2879557882034899,45679
7,0,2,articles,0.16518097710352456,2.1669523703729223,1.1750994323694897,0.2879557882034899,45679
7,0,2,other,0.8055143816000941,0.9420196872348435,1.1750994323694897,0.2879557882034899,45679
7,1,2,period,0.021035652826068063,0.7944635890590812,1.4509322057730762,0.3505126605712089,45679
7,1,2,comma,0.01090622325630083,0.258429466218589,1.4509322057730762,0.3505126605712089,45679
7,1,2,articles,0.16747633325745917,2.1970643575147673,1.4509322057730762,0.3505126605712089,45679
7,1,2,other,0.8005817906796149,0.9362512020751657,1.4509322057730762,0.3505126605712089,45679
7,2,2,period,0.0006155273754448795,0.02324691759763469,0.22224972418510605,0.05333782578500636,45679
7,2,2,comma,0.0021179687617469134,0.050186533294161555,0.22224972418510605,0.05333782578500636,45679
7,2,2,articles,0.22396762668737313,2.9381541872877404,0.22224972418510605,0.05333782578500636,45679
7,2,2,other,0.7732988771334034,0.9043448298579444,0.22224972418510605,0.05333782578500636,45679
7,3,2,period,0.013411809780375147,0.5065302523290489,1.4666201250597504,0.35849099669071827,45679
7,3,2,comma,0.012640195092924498,0.29951696329672145,1.4666201250597504,0.35849099669071827,45679
7,3,2,articles,0.17156581311691552,2.250712835871251,1.4666201250597504,0.35849099669071827,45679
7,3,2,other,0.8023821822769094,0.9383566943768854,1.4666201250597504,0.35849099669071827,45679
7,4,2,period,0.0036125532694452085,0.13643703192105877,1.0368994446719868,0.2539397877033811,45679
7,4,2,comma,0.01100301264213882,0.26072294845619914,1.0368994446719868,0.2539397877033811,45679
7,4,2,articles,0.19464747199344995,2.553513172155121,1.0368994446719868,0.2539397877033811,45679
7,4,2,other,0.790736962109441,0.9247380341635838,1.0368994446719868,0.2539397877033811,45679
7,5,2,period,0.035248135350419076,1.3312332329154788,2.329778857355128,0.5679151465120647,45679
7,5,2,comma,0.027667902977024556,0.6556074664627183,2.329778857355128,0.5679151465120647,45679
7,5,2,articles,0.14428360461906695,1.8928069352640084,2.329778857355128,0.5679151465120647,45679
7,5,2,other,0.7928003573673386,0.9271510996530234,2.329778857355128,0.5679151465120647,45679
7,6,2,period,0.02579732195539978,0.9742998307806942,1.9303336701506728,0.4667739025876347,45679
7,6,2,comma,0.015660953837837988,0.3710956438057714,1.9303336701506728,0.4667739025876347,45679
7,6,2,articles,0.16584600318479237,2.1756766185789367,1.9303336701506728,0.4667739025876347,45679
7,6,2,other,0.7926957208631151,0.9270287310780688,1.9303336701506728,0.4667739025876347,45679
7,7,2,period,0.011675299789615175,0.440946646671397,0.9958354936908048,0.23928322697756652,45679
7,7,2,comma,0.016777013306496336,0.3975413387063365,0.9958354936908048,0.23928322697756652,45679
7,7,2,articles,0.19446021557180976,2.551056619627971,0.9958354936908048,0.23928322697756652,45679
7,7,2,other,0.7770874713712081,0.908775452625805,0.9958354936908048,0.23928322697756652,45679
7,8,2,period,0.009168432294724317,0.34626857968892305,1.4074773935686298,0.34547259471435743,45679
7,8,2,comma,0.011378235198952542,0.26961407078074195,1.4074773935686298,0.34547259471435743,45679
7,8,2,articles,0.14088217375204515,1.8481847347588436,1.4074773935686298,0.34547259471435743,45679
7,8,2,other,0.8385711588944496,0.9806783824973204,1.4074773935686298,0.34547259471435743,45679
7,9,2,period,0.025711725343037548,0.9710670624691575,1.3190593301822404,0.32220045953329063,45679
7,9,2,comma,0.019814799140497823,0.46952348624891943,1.3190593301822404,0.32220045953329063,45679
7,9,2,articles,0.1812716743100971,2.3780406873459023,1.3190593301822404,0.32220045953329063,45679
7,9,2,other,0.7732018017808796,0.9042313037741009,1.3190593301822404,0.32220045953329063,45679
7,10,2,period,0.003641155420913305,0.1375172630932521,0.5135843567659528,0.12324486795707788,45679
7,10,2,comma,0.00342970742088579,0.08126896334653577,0.5135843567659528,0.12324486795707788,45679
7,10,2,articles,0.2002207624648582,2.6266272510858073,0.5135843567659528,0.12324486795707788,45679
7,10,2,other,0.7927083754470974,0.9270435301524458,0.5135843567659528,0.12324486795707788,45679
7,11,2,period,0.005549545190311997,0.20959233478493072,0.767383447635752,0.1832664139710934,45679
7,11,2,comma,0.010807827347819295,0.2560979164685611,0.767383447635752,0.1832664139710934,45679
7,11,2,articles,0.20496687153072257,2.6888898219378823,0.767383447635752,0.1832664139710934,45679
7,11,2,other,0.7786757550737574,0.9106328924814951,0.767383447635752,0.1832664139710934,45679
8,0,2,period,0.03841930311223151,1.451000246679647,1.97309960456706,0.47782292683081873,45679
8,0,2,comma,0.020736882931357885,0.4913728117469198,1.97309960456706,0.47782292683081873,45679
8,0,2,articles,0.1835753557701327,2.4082618913122626,1.97309960456706,0.47782292683081873,45679
8,0,2,other,0.7572684576983184,0.8855978390562591,1.97309960456706,0.47782292683081873,45679
8,1,2,period,0.0028734910381034034,0.10852451417299068,0.6494303824266966,0.15583971917003414,45679
8,1,2,comma,0.008503805720511364,0.20150274953418917,0.6494303824266966,0.15583971917003414,45679
8,1,2,articles,0.209268554349576,2.7453221178617935,0.6494303824266966,0.15583971917003414,45679
8,1,2,other,0.7793541490588279,0.9114262495018487,0.6494303824266966,0.15583971917003414,45679
8,2,2,period,0.04789183316522431,1.8087538322515064,2.7142309049524957,0.6581091923193498,45679
8,2,2,comma,0.03043742233430402,0.7212328798037011,2.7142309049524957,0.6581091923193498,45679
8,2,2,articles,0.12799617714620976,1.6791377816576283,2.7142309049524957,0.6581091923193498,45679
8,2,2,other,0.793674567367517,0.9281734563604355,2.7142309049524957,0.6581091923193498,45679
8,3,2,period,0.024662370131573772,0.931435560923161,1.7154976741284322,0.416036641492896,45679
8,3,2,comma,0.014793281845733322,0.3505356383389034,1.7154976741284322,0.416036641492896,45679
8,3,2,articles,0.17053677530674397,2.2372132431151366,1.7154976741284322,0.416036641492896,45679
8,3,2,other,0.7900075724952497,0.9238850396150967,1.7154976741284322,0.416036641492896,45679
8,4,2,period,0.013448630704183987,0.5079208858179888,1.0489526048360187,0.25700458896741707,45679
8,4,2,comma,0.011427006888928825,0.2707697450697189,1.0489526048360187,0.25700458896741707,45679
8,4,2,articles,0.19040282808933803,2.4978291501164356,1.0489526048360187,0.25700458896741707,45679
8,4,2,other,0.784721535035014,0.9177032116195352,1.0489526048360187,0.25700458896741707,45679
8,5,2,period,0.031897157651173735,1.2046752510067702,1.9724870286287397,0.48346808272303543,45679
8,5,2,comma,0.028786141883388155,0.6821048044398634,1.9724870286287397,0.48346808272303543,45679
8,5,2,articles,0.14271823919235155,1.8722714451524878,1.9724870286287397,0.48346808272303543,45679
8,5,2,other,0.7965984609106083,0.9315928432067627,1.9724870286287397,0.48346808272303543,45679
8,6,2,period,0.018348234526720526,0.6929665732518577,1.2557376182856814,0.3031203482031771,45679
8,6,2,comma,0.013541176594922039,0.32086625747145137,1.2557376182856814,0.3031203482031771,45679
8,6,2,articles,0.17955690807909055,2.3555452595183612,1.2557376182856814,0.3031203482031771,45679
8,6,2,other,0.7885536808389948,0.9221847663554462,1.2557376182856814,0.3031203482031771,45679
8,7,2,period,0.013163801181085883,0.49716359261384896,1.3409796353411532,0.3287825920359276,45679
8,7,2,comma,0.022812777565687087,0.5405623734923933,1.3409796353411532,0.3287825920359276,45679
8,7,2,articles,0.1698931586736874,2.2287698580893944,1.3409796353411532,0.3287825920359276,45679
8,7,2,other,0.7941302637339795,0.928706376638974,1.3409796353411532,0.3287825920359276,45679
8,8,2,period,0.023616591238754717,0.8919391279186354,2.012237599252925,0.48959385923001814,45679
8,8,2,comma,0.021279453521505617,0.5042293455535954,2.012237599252925,0.48959385923001814,45679
8,8,2,articles,0.13339241143892108,1.7499291215366135,2.012237599252925,0.48959385923001814,45679
8,8,2,other,0.82171154361237,0.9609616773984297,2.012237599252925,0.48959385923001814,45679
8,9,2,period,0.014365999214825238,0.5425675823327106,1.7960193990431568,0.43648745470785594,45679
8,9,2,comma,0.012075584775653464,0.2861381850079528,1.7960193990431568,0.43648745470785594,45679
8,9,2,articles,0.16978629069030576,2.227367893807753,1.7960193990431568,0.43648745470785594,45679
8,9,2,other,0.80377212537459,0.9399821821298793,1.7960193990431568,0.43648745470785594,45679
8,10,2,period,0.031464327979941,1.1883283652266108,2.018330211368085,0.49235462851497086,45679
8,10,2,comma,0.019463250545391452,0.4611933325698493,2.018330211368085,0.49235462851497086,45679
8,10,2,articles,0.1608465284751898,2.110090231074987,2.018330211368085,0.49235462851497086,45679
8,10,2,other,0.7882258934178671,0.9218014309228536,2.018330211368085,0.49235462851497086,45679
8,11,2,period,0.02320043026825077,0.8762217769532707,1.7960578883531833,0.4383213110006613,45679
8,11,2,comma,0.014877352193401586,0.3525277353794778,1.7960578883531833,0.4383213110006613,45679
8,11,2,articles,0.1598507804188052,2.0970273551378598,1.7960578883531833,0.4383213110006613,45679
8,11,2,other,0.8020714366344538,0.9379932886828317,1.7960578883531833,0.4383213110006613,45679
9,0,2,period,0.010008642336205416,0.37800119529338605,1.8463469016711882,0.44842539187811503,45679
9,0,2,comma,0.006011944612936394,0.14245661405833399,1.8463469016711882,0.44842539187811503,45679
9,0,2,articles,0.13217786002621346,1.733995839697161,1.8463469016711882,0.44842539187811503,45679
9,0,2,other,0.8518015528332612,0.9961508456152051,1.8463469016711882,0.44842539187811503,45679
9,1,2,period,0.009438723782557348,0.35647680794271136,0.8216038030826092,0.1969226764881875,45679
9,1,2,comma,0.007481874823941375,0.17728748730211538,0.8216038030826092,0.1969226764881875,45679
9,1,2,articles,0.20435396748815987,2.6808493448131467,0.8216038030826092,0.1969226764881875,45679
9,1,2,other,0.778725434463486,0.910690990715671,0.8216038030826092,0.1969226764881875,45679
9,2,2,period,0.0160964736473932,0.607923240169449,1.7629079464903745,0.42751633638333186,45679
9,2,2,comma,0.01113349337080356,0.2638147671608236,1.7629079464903745,0.42751633638333186,45679
9,2,2,articles,0.14130896522584935,1.8537836651685804,1.7629079464903745,0.42751633638333186,45679
9,2,2,other,0.8314610675747498,0.9723633900475396,1.7629079464903745,0.42751633638333186,45679
9,3,2,period,0.03871917697868784,1.4623257268147198,1.692302523158619,0.4145014940331686,45679
9,3,2,comma,0.028437477746306238,0.6738429997144202,1.692302523158619,0.4145014940331686,45679
9,3,2,articles,0.14505871855476288,1.902975388131391,1.692302523158619,0.4145014940331686,45679
9,3,2,other,0.7877846268144932,0.9212853857259053,1.692302523158619,0.4145014940331686,45679
9,4,2,period,0.020168221312216145,0.7617028870520706,1.0431862884370557,0.2513237696013619,45679
9,4,2,comma,0.007771139564501195,0.18414178789196853,1.0431862884370557,0.2513237696013619,45679
9,4,2,articles,0.19829989134490678,2.6014280041776665,1.0431862884370557,0.2513237696013619,45679
9,4,2,other,0.7737607475610542,0.9048849704758366,1.0431862884370557,0.2513237696013619,45679
9,5,2,period,0.009785537771225398,0.3695750981860104,1.5970889761658693,0.3874155261234719,45679
9,5,2,comma,0.013743296853476293,0.3256556175737179,1.5970889761658693,0.3874155261234719,45679
9,5,2,articles,0.18283182013951899,2.398507703357524,1.5970889761658693,0.3874155261234719,45679
9,5,2,other,0.7936393451270793,0.9281322652350146,1.5970889761658693,0.3874155261234719,45679
9,6,2,period,0.0021899191693834914,0.08270772756344696,0.8771205828966842,0.2112929815737871,45679
9,6,2,comma,0.002801666528072251,0.06638715973046902,0.8771205828966842,0.2112929815737871,45679
9,6,2,articles,0.18964807128753083,2.4879277554800168,0.8771205828966842,0.2112929815737871,45679
9,6,2,other,0.8053603435119493,0.9418395453094713,0.8771205828966842,0.2112929815737871,45679
9,7,2,period,0.032163066584572395,1.2147179612253463,1.78091317320521,0.4332813247112569,45679
9,7,2,comma,0.017939347000740815,0.4250835289872793,1.78091317320521,0.4332813247112569,45679
9,7,2,articles,0.16900482501236608,2.217116114620642,1.78091317320521,0.4332813247112569,45679
9,7,2,other,0.7808927611448327,0.9132256002138184,1.78091317320521,0.4332813247112569,45679
9,8,2,period,0.018130885531382746,0.684757849503553,1.986358368271199,0.48258083485227193,45679
9,8,2,comma,0.0075390226534616574,0.1786416392144142,1.986358368271199,0.48258083485227193,45679
9,8,2,articles,0.1308246176808829,1.716243119260926,1.986358368271199,0.48258083485227193,45679
9,8,2,other,0.8435054739639685,0.98644888398641,1.986358368271199,0.48258083485227193,45679
9,9,2,period,0.004337045502379943,0.16379927755146184,0.8863776888944102,0.2133309397174154,45679
9,9,2,comma,0.0030086918303066207,0.07129274776886362,0.8863776888944102,0.2133309397174154,45679
9,9,2,articles,0.18645952840857963,2.446098359197607,0.8863776888944102,0.2133309397174154,45679
9,9,2,other,0.8061947344476591,0.9428153350734326,0.8863776888944102,0.2133309397174154,45679
9,10,2,period,0.011875538119547207,0.44850914371298434,1.1797251210412463,0.2888721814690164,45679
9,10,2,comma,0.016568940413344304,0.39261092737620246,1.1797251210412463,0.2888721814690164,45679
9,10,2,articles,0.17963175424434819,2.3565271405924553,1.1797251210412463,0.2888721814690164,45679
9,10,2,other,0.7919237675893076,0.9261259598822181,1.1797251210412463,0.2888721814690164,45679
9,11,2,period,0.021576927946750143,0.814906186139433,1.1010779010825529,0.263309600743877,45679
9,11,2,comma,0.014825212019217356,0.3512922428477079,1.1010779010825529,0.263309600743877,45679
9,11,2,articles,0.19907530489185518,2.6116003875419205,1.1010779010825529,0.263309600743877,45679
9,11,2,other,0.7645225550105685,0.8940812412615465,1.1010779010825529,0.263309600743877,45679
10,0,2,period,0.003745230095954777,0.1414479012601428,1.8092641659134319,0.43894879829984546,45679
10,0,2,comma,0.004223167949347716,0.10007048391117943,1.8092641659134319,0.43894879829984546,45679
10,0,2,articles,0.1289544643630572,1.691709221737827,1.8092641659134319,0.43894879829984546,45679
10,0,2,other,0.863077137110717,1.0093372301380235,1.8092641659134319,0.43894879829984546,45679
10,1,2,period,0.0022428050059430725,0.08470509231703566,1.0948080154043545,0.2636921410989433,45679
10,1,2,comma,0.0030180794975837692,0.07151519414525423,1.0948080154043545,0.2636921410989433,45679
10,1,2,articles,0.17379202016522766,2.2799176797029803,1.0948080154043545,0.2636921410989433,45679
10,1,2,other,0.8209470958325003,0.9600676836039679,1.0948080154043545,0.2636921410989433,45679
10,2,2,period,0.01639670210173614,0.6192621121952968,1.364899392898438,0.328819781700326,45679
10,2,2,comma,0.011082042660820631,0.2625956118946068,1.364899392898438,0.328819781700326,45679
10,2,2,articles,0.17246123546586295,2.262459573392488,1.364899392898438,0.328819781700326,45679
10,2,2,other,0.8000600199053632,0.9356410101868564,1.364899392898438,0.328819781700326,45679
10,3,2,period,0.04868583997723117,1.838741468329176,2.0003577974041438,0.48389004234453903,45679
10,3,2,comma,0.019124312629582363,0.45316199645969035,2.0003577974041438,0.48389004234453903,45679
10,3,2,articles,0.14778408842944932,1.9387285772313283,2.0003577974041438,0.48389004234453903,45679
10,3,2,other,0.7844057581922702,0.9173339221202632,2.0003577974041438,0.48389004234453903,45679
10,4,2,period,0.05543481700363365,2.093633320519685,2.207017664355522,0.5354656897161856,45679
10,4,2,comma,0.02619201040196734,0.6206353114458418,2.207017664355522,0.5354656897161856,45679
10,4,2,articles,0.14330330806924876,1.8799467623219053,2.207017664355522,0.5354656897161856,45679
10,4,2,other,0.7750698643558531,0.9064159348158409,2.207017664355522,0.5354656897161856,45679
10,5,2,period,0.015498623758086229,0.5853439566689724,1.039469382929734,0.254391872518911,45679
10,5,2,comma,0.01591671950536513,0.3771561638760803,1.039469382929734,0.254391872518911,45679
10,5,2,articles,0.1944845557584131,2.5513759301562193,1.039469382929734,0.254391872518911,45679
10,5,2,other,0.774100101578627,0.9052818326210671,1.039469382929734,0.254391872518911,45679
10,6,2,period,0.004439705415765543,0.1676764837363703,1.3556731963005915,0.3277474332809726,45679
10,6,2,comma,0.0042264706007966125,0.10014874220747383,1.3556731963005915,0.3277474332809726,45679
10,6,2,articles,0.1653155845714766,2.168718239402537,1.3556731963005915,0.3277474332809726,45679
10,6,2,other,0.8260182398272558,0.965998201530132,1.3556731963005915,0.3277474332809726,45679
10,7,2,period,0.018812766675562653,0.7105107817085166,2.026221990086504,0.49089200761364943,45679
10,7,2,comma,0.02065151948823587,0.4893500740381664,2.026221990086504,0.49089200761364943,45679
10,7,2,articles,0.13756331002651326,1.8046457041567987,2.026221990086504,0.49089200761364943,45679
10,7,2,other,0.8229724039717908,0.9624362075974674,2.026221990086504,0.49089200761364943,45679
10,8,2,period,0.014410013888063615,0.5442299056065046,1.131429736094639,0.270867903815573,45679
10,8,2,comma,0.012373985586420281,0.29320897023152787,1.131429736094639,0.270867903815573,45679
10,8,2,articles,0.20227695330680293,2.6536017108391157,1.131429736094639,0.270867903815573,45679
10,8,2,other,0.7709390475582026,0.901585095247195,1.131429736094639,0.270867903815573,45679
10,9,2,period,0.025896372967407346,0.9780407378564159,1.4111235562279965,0.34607203454486446,45679
10,9,2,comma,0.014047630523215091,0.33286698542990995,1.4111235562279965,0.34607203454486446,45679
10,9,2,articles,0.16018910737702396,2.1014657500240563,1.4111235562279965,0.34607203454486446,45679
10,9,2,other,0.7998668900624553,0.9354151518802045,1.4111235562279965,0.34607203454486446,45679
10,10,2,period,0.005653934621922675,0.213534860514129,1.377726316216581,0.33360924942664627,45679
10,10,2,comma,0.00598653266452254,0.14185446278104627,1.377726316216581,0.33360924942664627,45679
10,10,2,articles,0.16900519482444742,2.2171209660580193,1.377726316216581,0.33360924942664627,45679
10,10,2,other,0.819354338062327,0.9582050114893882,1.377726316216581,0.33360924942664627,45679
10,11,2,period,0.0158206466670992,0.5975059503170446,1.4797323458565856,0.3582179157824266,45679
10,11,2,comma,0.014376225285971952,0.3406532343582381,1.4797323458565856,0.3582179157824266,45679
10,11,2,articles,0.17416657457164852,2.284831330009811,1.4797323458565856,0.3582179157824266,45679
10,11,2,other,0.795636553630813,0.9304679277296961,1.4797323458565856,0.3582179157824266,45679
11,0,2,period,0.02664105150382232,1.0061653692917831,3.501899067045717,0.8511252239113838,45679
11,0,2,comma,0.03989842545749164,0.9454169928150714,3.501899067045717,0.8511252239113838,45679
11,0,2,articles,0.1010716288288014,1.325923901822894,3.501899067045717,0.8511252239113838,45679
11,0,2,other,0.8323888943124615,0.9734484495737656,3.501899067045717,0.8511252239113838,45679
11,1,2,period,0.014580901634486243,0.5506839050840439,1.9041780145700133,0.4607308317621603,45679
11,1,2,comma,0.016933603627742544,0.40125183978298334,1.9041780145700133,0.4607308317621603,45679
11,1,2,articles,0.16741080291247656,2.196204687479625,1.9041780145700133,0.4607308317621603,45679
11,1,2,other,0.8010746917080479,0.9368276318487966,1.9041780145700133,0.4607308317621603,45679
11,2,2,period,0.016568427658954336,0.6257477536749694,1.7236467354501903,0.41737186214696226,45679
11,2,2,comma,0.01083378489918648,0.2567129961333101,1.7236467354501903,0.41737186214696226,45679
11,2,2,articles,0.15977994555028285,2.0960980968846328,1.7236467354501903,0.41737186214696226,45679
11,2,2,other,0.8128178416005978,0.9505608173034837,1.7236467354501903,0.41737186214696226,45679
11,3,2,period,0.039346512623491425,1.4860186129845143,2.0232920934154786,0.4932911549626312,45679
11,3,2,comma,0.020178951341552395,0.47815228988967456,2.0232920934154786,0.4932911549626312,45679
11,3,2,articles,0.15803452954548156,2.073200585226734,2.0232920934154786,0.4932911549626312,45679
11,3,2,other,0.7824400063010493,0.9150350469864997,2.0232920934154786,0.4932911549626312,45679
11,4,2,period,0.037300366367002916,1.4087408259763934,2.5886479237990985,0.62701568811114,45679
11,4,2,comma,0.03362096793018223,0.796668891857648,2.5886479237990985,0.62701568811114,45679
11,4,2,articles,0.14512681474534073,1.903868718611532,2.5886479237990985,0.62701568811114,45679
11,4,2,other,0.7839518505291279,0.9168030936650127,2.5886479237990985,0.62701568811114,45679
11,5,2,period,0.015442039235108075,0.5832069018515097,1.5965721564089193,0.3857700564676917,45679
11,5,2,comma,0.012409032907028801,0.29403943740099636,1.5965721564089193,0.3857700564676917,45679
11,5,2,articles,0.1712100569656183,2.246045793401554,1.5965721564089193,0.3857700564676917,45679
11,5,2,other,0.8009388712448403,0.9366687947712801,1.5965721564089193,0.3857700564676917,45679
11,6,2,period,0.00718955301707721,0.27153129693219746,1.449046330221175,0.3499126636798283,45679
11,6,2,comma,0.005196223848825198,0.12312762393052899,1.449046330221175,0.3499126636798283,45679
11,6,2,articles,0.1710177237175712,2.2435226397366135,1.449046330221175,0.3499126636798283,45679
11,6,2,other,0.8165964992492033,0.9549798195927242,1.449046330221175,0.3499126636798283,45679
11,7,2,period,0.028715657116657592,1.0845179944602648,1.7795203712584806,0.4305353557508007,45679
11,7,2,comma,0.0170759254503583,0.4046242402726394,1.7795203712584806,0.4305353557508007,45679
11,7,2,articles,0.16367078224617276,2.147140643966846,1.7795203712584806,0.4305353557508007,45679
11,7,2,other,0.7905376353129148,0.9245049287457163,1.7795203712584806,0.4305353557508007,45679
11,8,2,period,0.05616346019276205,2.121152337303468,2.981506735305204,0.7257324563586818,45679
11,8,2,comma,0.044460782575869454,1.0535247664313678,2.981506735305204,0.7257324563586818,45679
11,8,2,articles,0.08398746751109815,1.1018026712042592,2.981506735305204,0.7257324563586818,45679
11,8,2,other,0.8153882895942012,0.9535668624720104,2.981506735305204,0.7257324563586818,45679
11,9,2,period,0.005288844556801183,0.19974632892613886,1.2375648908643957,0.2983122606158658,45679
11,9,2,comma,0.004812528706689841,0.11403573864242804,1.2375648908643957,0.2983122606158658,45679
11,9,2,articles,0.17694661234343775,2.3213016884308617,1.2375648908643957,0.2983122606158658,45679
11,9,2,other,0.8129520144387541,0.9507177275436017,1.2375648908643957,0.2983122606158658,45679
11,10,2,period,0.036816773509067834,1.3904767425778344,2.2914438184816035,0.5574252657981206,45679
11,10,2,comma,0.02672353711321408,0.6332301539536788,2.2914438184816035,0.5574252657981206,45679
11,10,2,articles,0.13370442391057247,1.7540223057330426,2.2914438184816035,0.5574252657981206,45679
11,10,2,other,0.8027552655519381,0.9387930016583979,2.2914438184816035,0.5574252657981206,45679
11,11,2,period,0.060163406501466524,2.272220227933367,2.2809381465658745,0.5548616020502909,45679
11,11,2,comma,0.03155213569479912,0.7476466778683107,2.2809381465658745,0.5548616020502909,45679
11,11,2,articles,0.12705179587513124,1.666748768892455,2.2809381465658745,0.5548616020502909,45679
11,11,2,other,0.7812326616980397,0.9136231015125376,2.2809381465658745,0.5548616020502909,45679
